ISO-10303-21;
HEADER;
FILE_DESCRIPTION (( 'STEP AP203' ),
    '1' );
FILE_NAME ('soft_gripper_finger_3V2.1.STEP',
    '2024-08-05T11:12:10',
    ( '' ),
    ( '' ),
    'SwSTEP 2.0',
    'SolidWorks 2024',
    '' );
FILE_SCHEMA (( 'CONFIG_CONTROL_DESIGN' ));
ENDSEC;

DATA;
#1 = AXIS2_PLACEMENT_3D ( 'NONE', #944, #486, #2117 ) ;
#2 = ORIENTED_EDGE ( 'NONE', *, *, #985, .F. ) ;
#3 = LINE ( 'NONE', #1650, #149 ) ;
#4 = AXIS2_PLACEMENT_3D ( 'NONE', #1933, #1400, #1420 ) ;
#5 = LINE ( 'NONE', #42, #2049 ) ;
#6 = DIRECTION ( 'NONE',  ( 0.000000000000000000, 0.000000000000000000, -1.000000000000000000 ) ) ;
#7 = AXIS2_PLACEMENT_3D ( 'NONE', #994, #1453, #1653 ) ;
#8 = TOROIDAL_SURFACE ( 'NONE', #803, 5.450000000000000178, 2.000000000000000000 ) ;
#9 = ORIENTED_EDGE ( 'NONE', *, *, #1229, .T. ) ;
#10 = CARTESIAN_POINT ( 'NONE',  ( 1.999999999999943601, 0.000000000000000000, -26.21866189143222314 ) ) ;
#11 = TOROIDAL_SURFACE ( 'NONE', #191, 2.500000000000000000, 0.5000000000000000000 ) ;
#12 = DIRECTION ( 'NONE',  ( 1.000000000000000000, 0.000000000000000000, 0.000000000000000000 ) ) ;
#13 = LOCAL_TIME ( 14, 12, 10.00000000000000000, #881 ) ;
#14 = ORIENTED_EDGE ( 'NONE', *, *, #964, .F. ) ;
#15 = VERTEX_POINT ( 'NONE', #1899 ) ;
#16 = ORIENTED_EDGE ( 'NONE', *, *, #1919, .T. ) ;
#17 = CARTESIAN_POINT ( 'NONE',  ( 35.53758473560246500, -24.68915556546562229, -44.79628493543824419 ) ) ;
#18 = DESIGN_CONTEXT ( 'detailed design', #2098, 'design' ) ;
#19 = EDGE_CURVE ( 'NONE', #1358, #1294, #390, .T. ) ;
#20 = DIRECTION ( 'NONE',  ( -0.000000000000000000, 1.000000000000000000, -0.000000000000000000 ) ) ;
#21 = DIRECTION ( 'NONE',  ( 0.000000000000000000, 0.000000000000000000, -1.000000000000000000 ) ) ;
#22 = ORIENTED_EDGE ( 'NONE', *, *, #279, .T. ) ;
#23 = DIRECTION ( 'NONE',  ( 0.000000000000000000, 0.000000000000000000, 1.000000000000000000 ) ) ;
#24 = FACE_OUTER_BOUND ( 'NONE', #25, .T. ) ;
#25 = EDGE_LOOP ( 'NONE', ( #435, #239, #1092, #82 ) ) ;
#26 = EDGE_CURVE ( 'NONE', #953, #1738, #1272, .T. ) ;
#27 = EDGE_CURVE ( 'NONE', #1030, #1162, #1732, .T. ) ;
#28 = ORIENTED_EDGE ( 'NONE', *, *, #1304, .T. ) ;
#29 = DIRECTION ( 'NONE',  ( -1.000000000000000000, 0.000000000000000000, 0.000000000000000000 ) ) ;
#30 = CYLINDRICAL_SURFACE ( 'NONE', #1176, 3.000000000000002665 ) ;
#31 = CARTESIAN_POINT ( 'NONE',  ( 34.47116517210929487, 0.000000000000000000, -32.46993059905020118 ) ) ;
#32 = EDGE_CURVE ( 'NONE', #1823, #969, #141, .T. ) ;
#33 = ORIENTED_EDGE ( 'NONE', *, *, #1010, .T. ) ;
#34 = DIRECTION ( 'NONE',  ( 1.000000000000000000, 0.000000000000000000, 0.000000000000000000 ) ) ;
#35 = FACE_OUTER_BOUND ( 'NONE', #1829, .T. ) ;
#36 = CC_DESIGN_DATE_AND_TIME_ASSIGNMENT ( #275, #1747, ( #1017 ) ) ;
#37 = CARTESIAN_POINT ( 'NONE',  ( 24.49999999999999645, -17.39999999999999503, -40.00000000000000000 ) ) ;
#38 = ORIENTED_EDGE ( 'NONE', *, *, #1237, .F. ) ;
#39 = ORIENTED_EDGE ( 'NONE', *, *, #1589, .F. ) ;
#40 = AXIS2_PLACEMENT_3D ( 'NONE', #1970, #765, #1418 ) ;
#41 = VECTOR ( 'NONE', #1964, 1000.000000000000000 ) ;
#42 = CARTESIAN_POINT ( 'NONE',  ( 37.74921441683400047, -25.80000000000000071, -35.82365948582349802 ) ) ;
#43 = CARTESIAN_POINT ( 'NONE',  ( 27.95000000000000284, -12.90000000000000036, -10.00000000000000000 ) ) ;
#44 = ORIENTED_EDGE ( 'NONE', *, *, #62, .T. ) ;
#45 = AXIS2_PLACEMENT_3D ( 'NONE', #511, #333, #21 ) ;
#46 = CARTESIAN_POINT ( 'NONE',  ( 3.000000000000000000, -23.80000000000000071, -3.000000000000000000 ) ) ;
#47 = DIRECTION ( 'NONE',  ( 0.000000000000000000, -1.000000000000000000, 0.000000000000000000 ) ) ;
#48 = AXIS2_PLACEMENT_3D ( 'NONE', #60, #1027, #1520 ) ;
#49 = CARTESIAN_POINT ( 'NONE',  ( 19.92849999999999966, -23.80000000000000071, 0.000000000000000000 ) ) ;
#50 = AXIS2_PLACEMENT_3D ( 'NONE', #1015, #1511, #1586 ) ;
#51 = AXIS2_PLACEMENT_3D ( 'NONE', #903, #47, #550 ) ;
#52 = ORIENTED_EDGE ( 'NONE', *, *, #1322, .F. ) ;
#53 = CYLINDRICAL_SURFACE ( 'NONE', #1116, 2.000000000000001776 ) ;
#54 = DIRECTION ( 'NONE',  ( 0.000000000000000000, 0.000000000000000000, -1.000000000000000000 ) ) ;
#55 = CARTESIAN_POINT ( 'NONE',  ( 34.47116517210655928, -23.80000000000000071, -32.46993059904976064 ) ) ;
#56 = DIRECTION ( 'NONE',  ( -0.000000000000000000, 1.000000000000000000, -0.000000000000000000 ) ) ;
#57 = DIRECTION ( 'NONE',  ( -0.000000000000000000, -0.000000000000000000, 1.000000000000000000 ) ) ;
#58 = DIRECTION ( 'NONE',  ( -0.000000000000000000, 1.000000000000000000, -0.000000000000000000 ) ) ;
#59 = EDGE_CURVE ( 'NONE', #748, #584, #917, .T. ) ;
#60 = CARTESIAN_POINT ( 'NONE',  ( 2.350000000000001865, -25.80000000000000071, -7.885328558100833440 ) ) ;
#61 = CARTESIAN_POINT ( 'NONE',  ( 36.72402717759050716, -25.80000000000000071, -3.000000000000000000 ) ) ;
#62 = EDGE_CURVE ( 'NONE', #1958, #1251, #929, .T. ) ;
#63 = ORIENTED_EDGE ( 'NONE', *, *, #2102, .T. ) ;
#64 = CARTESIAN_POINT ( 'NONE',  ( 5.000000000000000000, -25.30000000000000071, -2.500000000000000000 ) ) ;
#65 = ORIENTED_EDGE ( 'NONE', *, *, #341, .T. ) ;
#66 = DIRECTION ( 'NONE',  ( -0.000000000000000000, -0.000000000000000000, -1.000000000000000000 ) ) ;
#67 = CARTESIAN_POINT ( 'NONE',  ( 0.000000000000000000, 0.000000000000000000, 0.000000000000000000 ) ) ;
#68 = CARTESIAN_POINT ( 'NONE',  ( 2.000000000000000000, -23.80000000000000071, -64.88949999999999818 ) ) ;
#69 = PRODUCT_DEFINITION ( 'UNKNOWN', '', #904, #18 ) ;
#70 = CARTESIAN_POINT ( 'NONE',  ( 35.56768336450794976, -25.80000000000000071, -45.00000000000000000 ) ) ;
#71 = ORIENTED_EDGE ( 'NONE', *, *, #1528, .T. ) ;
#72 = CIRCLE ( 'NONE', #2017, 2.499999999999999556 ) ;
#73 = CARTESIAN_POINT ( 'NONE',  ( 36.64952865010108951, 0.000000000000000000, -37.49419569149068110 ) ) ;
#74 = AXIS2_PLACEMENT_3D ( 'NONE', #2154, #301, #649 ) ;
#75 = ORIENTED_EDGE ( 'NONE', *, *, #96, .F. ) ;
#76 = DIRECTION ( 'NONE',  ( -0.000000000000000000, 0.000000000000000000, -1.000000000000000000 ) ) ;
#77 = CIRCLE ( 'NONE', #4, 2.000000000000000000 ) ;
#78 = DIRECTION ( 'NONE',  ( -1.000000000000000000, 0.000000000000000000, 0.000000000000000000 ) ) ;
#79 = AXIS2_PLACEMENT_3D ( 'NONE', #646, #1961, #6 ) ;
#80 = CARTESIAN_POINT ( 'NONE',  ( 6.000000000000000000, -1.999999999999998224, -39.00000000000000000 ) ) ;
#81 = CIRCLE ( 'NONE', #1705, 2.499999999999999556 ) ;
#82 = ORIENTED_EDGE ( 'NONE', *, *, #859, .T. ) ;
#83 = DIRECTION ( 'NONE',  ( -0.000000000000000000, -0.000000000000000000, 1.000000000000000000 ) ) ;
#84 = CC_DESIGN_SECURITY_CLASSIFICATION ( #1017, ( #904 ) ) ;
#85 = FACE_OUTER_BOUND ( 'NONE', #1607, .T. ) ;
#86 = ADVANCED_FACE ( 'NONE', ( #1273 ), #126, .T. ) ;
#87 = ORIENTED_EDGE ( 'NONE', *, *, #442, .F. ) ;
#88 = CARTESIAN_POINT ( 'NONE',  ( 5.000000000000000000, 0.000000000000000000, -5.000000000000000000 ) ) ;
#89 = ADVANCED_FACE ( 'NONE', ( #264 ), #1588, .T. ) ;
#90 = ORIENTED_EDGE ( 'NONE', *, *, #342, .T. ) ;
#91 = EDGE_CURVE ( 'NONE', #155, #1090, #1583, .T. ) ;
#92 = CARTESIAN_POINT ( 'NONE',  ( 0.000000000000000000, -25.80000000000000071, -39.00000000000000000 ) ) ;
#93 = DIRECTION ( 'NONE',  ( 0.000000000000000000, 0.000000000000000000, -1.000000000000000000 ) ) ;
#94 = ORIENTED_EDGE ( 'NONE', *, *, #726, .T. ) ;
#95 = DIRECTION ( 'NONE',  ( -0.000000000000000000, 0.000000000000000000, -1.000000000000000000 ) ) ;
#96 = EDGE_CURVE ( 'NONE', #584, #330, #1442, .T. ) ;
#97 = PLANE ( 'NONE',  #1624 ) ;
#98 = ORIENTED_EDGE ( 'NONE', *, *, #859, .F. ) ;
#99 = DIRECTION ( 'NONE',  ( 0.000000000000000000, -1.000000000000000000, 0.000000000000000000 ) ) ;
#100 = ORIENTED_EDGE ( 'NONE', *, *, #629, .F. ) ;
#101 = DIRECTION ( 'NONE',  ( -0.9855155789649010512, 0.000000000000000000, 0.1695849156542995617 ) ) ;
#102 = CARTESIAN_POINT ( 'NONE',  ( 6.000000000000000000, -1.999999999999998224, -39.00000000000000000 ) ) ;
#103 = CARTESIAN_POINT ( 'NONE',  ( 36.72402717759050716, -23.80000000000000071, 0.000000000000000000 ) ) ;
#104 = TOROIDAL_SURFACE ( 'NONE', #925, 2.500000000000000000, 0.5000000000000000000 ) ;
#105 = CIRCLE ( 'NONE', #895, 2.000000000000000000 ) ;
#106 = VECTOR ( 'NONE', #2096, 1000.000000000000000 ) ;
#107 = AXIS2_PLACEMENT_3D ( 'NONE', #249, #95, #433 ) ;
#108 = DIRECTION ( 'NONE',  ( -1.224646799147353207E-16, 1.000000000000000000, 0.000000000000000000 ) ) ;
#109 = CIRCLE ( 'NONE', #496, 2.000000000000001776 ) ;
#110 = ORIENTED_EDGE ( 'NONE', *, *, #1651, .F. ) ;
#111 = DIRECTION ( 'NONE',  ( -0.000000000000000000, 1.000000000000000000, -0.000000000000000000 ) ) ;
#112 = AXIS2_PLACEMENT_3D ( 'NONE', #1252, #438, #1223 ) ;
#113 = ORIENTED_EDGE ( 'NONE', *, *, #602, .F. ) ;
#114 = ORIENTED_EDGE ( 'NONE', *, *, #821, .T. ) ;
#115 = CARTESIAN_POINT ( 'NONE',  ( 35.00000000000000000, -25.80000000000000071, -5.000000000000000000 ) ) ;
#116 = CIRCLE ( 'NONE', #1499, 2.000000000000000000 ) ;
#117 = CARTESIAN_POINT ( 'NONE',  ( 35.00000000000170530, -25.80000000000000071, -39.99999999999150191 ) ) ;
#118 = CARTESIAN_POINT ( 'NONE',  ( 35.00000000000000000, 0.000000000000000000, -7.500000000000000000 ) ) ;
#119 = EDGE_CURVE ( 'NONE', #832, #507, #1841, .T. ) ;
#120 = ORIENTED_EDGE ( 'NONE', *, *, #639, .T. ) ;
#121 = CARTESIAN_POINT ( 'NONE',  ( 0.000000000000000000, -5.899999999999996803, -3.000000000000002665 ) ) ;
#122 = EDGE_LOOP ( 'NONE', ( #2107, #277, #1004, #1034 ) ) ;
#123 = DIRECTION ( 'NONE',  ( 0.000000000000000000, -1.000000000000000000, 0.000000000000000000 ) ) ;
#124 = ORIENTED_EDGE ( 'NONE', *, *, #2143, .F. ) ;
#125 = DIRECTION ( 'NONE',  ( -0.000000000000000000, 1.000000000000000000, -0.000000000000000000 ) ) ;
#126 = CYLINDRICAL_SURFACE ( 'NONE', #1, 2.000000000000000000 ) ;
#127 = LINE ( 'NONE', #911, #182 ) ;
#128 = APPROVAL_DATE_TIME ( #1456, #443 ) ;
#129 = ORIENTED_EDGE ( 'NONE', *, *, #1182, .F. ) ;
#130 = CARTESIAN_POINT ( 'NONE',  ( 36.44219633003910275, -1.999999999999998224, -32.80910043035879653 ) ) ;
#131 = VERTEX_POINT ( 'NONE', #1950 ) ;
#132 = CARTESIAN_POINT ( 'NONE',  ( 35.00000000000000000, -25.80000000000000071, -5.000000000000000000 ) ) ;
#133 = ORIENTED_EDGE ( 'NONE', *, *, #1231, .T. ) ;
#134 = ORIENTED_EDGE ( 'NONE', *, *, #1713, .T. ) ;
#135 = CARTESIAN_POINT ( 'NONE',  ( 36.72402717759050716, -23.80000000000000071, -3.000000000000000000 ) ) ;
#136 = CARTESIAN_POINT ( 'NONE',  ( 0.2500000000000002220, -25.80000000000000071, -1.801042119171819555 ) ) ;
#137 = CARTESIAN_POINT ( 'NONE',  ( 0.000000000000000000, -23.80000000000000071, -3.000000000000002665 ) ) ;
#138 = ORIENTED_EDGE ( 'NONE', *, *, #1849, .T. ) ;
#139 = CIRCLE ( 'NONE', #419, 2.000000000000001776 ) ;
#140 = TOROIDAL_SURFACE ( 'NONE', #1311, 3.000000000000000000, 2.000000000000000000 ) ;
#141 = CIRCLE ( 'NONE', #1349, 1.000000000000000000 ) ;
#142 = CARTESIAN_POINT ( 'NONE',  ( 35.00000000000170530, -1.999999999999998224, -39.99999999999150191 ) ) ;
#143 = ORIENTED_EDGE ( 'NONE', *, *, #1849, .F. ) ;
#144 = CYLINDRICAL_SURFACE ( 'NONE', #1463, 2.000000000000000000 ) ;
#145 = AXIS2_PLACEMENT_3D ( 'NONE', #1645, #489, #1288 ) ;
#146 = AXIS2_PLACEMENT_3D ( 'NONE', #1344, #556, #1366 ) ;
#147 = ORIENTED_EDGE ( 'NONE', *, *, #996, .F. ) ;
#148 = CARTESIAN_POINT ( 'NONE',  ( 24.50000000000000355, -12.90000000000000036, 0.000000000000000000 ) ) ;
#149 = VECTOR ( 'NONE', #306, 1000.000000000000000 ) ;
#150 = FACE_OUTER_BOUND ( 'NONE', #366, .T. ) ;
#151 = CIRCLE ( 'NONE', #937, 3.000000000000000000 ) ;
#152 = EDGE_CURVE ( 'NONE', #1778, #309, #311, .T. ) ;
#153 = DIRECTION ( 'NONE',  ( 1.000000000000000000, 4.336808689942021680E-16, -4.336808689942014285E-16 ) ) ;
#154 = ADVANCED_FACE ( 'NONE', ( #150 ), #104, .T. ) ;
#155 = VERTEX_POINT ( 'NONE', #1595 ) ;
#156 = DIRECTION ( 'NONE',  ( -0.000000000000000000, -0.000000000000000000, -1.000000000000000000 ) ) ;
#157 = EDGE_CURVE ( 'NONE', #785, #1925, #1836, .T. ) ;
#158 = DIRECTION ( 'NONE',  ( 0.000000000000000000, 0.000000000000000000, -1.000000000000000000 ) ) ;
#159 = ORIENTED_EDGE ( 'NONE', *, *, #19, .F. ) ;
#160 = DIRECTION ( 'NONE',  ( 1.000000000000000000, 0.000000000000000000, -0.000000000000000000 ) ) ;
#161 = EDGE_CURVE ( 'NONE', #1842, #785, #1977, .T. ) ;
#162 = CARTESIAN_POINT ( 'NONE',  ( 35.00000000000000000, -25.30000000000000071, -2.500000000000000000 ) ) ;
#163 = CARTESIAN_POINT ( 'NONE',  ( 2.000000000000000000, -25.80000000000000071, -3.000000000000000000 ) ) ;
#164 = CARTESIAN_POINT ( 'NONE',  ( 35.90534935633930047, -23.80000000000000071, -44.91735117140279954 ) ) ;
#165 = EDGE_LOOP ( 'NONE', ( #22, #957, #708, #652 ) ) ;
#166 = EDGE_CURVE ( 'NONE', #1696, #1940, #490, .T. ) ;
#167 = DIRECTION ( 'NONE',  ( 1.000000000000000000, 0.000000000000000000, 0.000000000000000000 ) ) ;
#168 = CARTESIAN_POINT ( 'NONE',  ( 1.933309000429437541, -0.0008340287106333258435, -23.99562857241535596 ) ) ;
#169 = ORIENTED_EDGE ( 'NONE', *, *, #2102, .F. ) ;
#170 = EDGE_LOOP ( 'NONE', ( #1658, #1415, #1787, #1135 ) ) ;
#171 = VERTEX_POINT ( 'NONE', #439 ) ;
#172 = CARTESIAN_POINT ( 'NONE',  ( 35.00000000000000000, 0.000000000000000000, -38.00000000000000000 ) ) ;
#173 = FACE_BOUND ( 'NONE', #2045, .T. ) ;
#174 = DIRECTION ( 'NONE',  ( -0.000000000000000000, 0.000000000000000000, -1.000000000000000000 ) ) ;
#175 = VERTEX_POINT ( 'NONE', #795 ) ;
#176 = DIRECTION ( 'NONE',  ( 1.000000000000000000, 0.000000000000000000, 0.000000000000000000 ) ) ;
#177 = PLANE ( 'NONE',  #1214 ) ;
#178 = ORIENTED_EDGE ( 'NONE', *, *, #952, .T. ) ;
#179 = EDGE_CURVE ( 'NONE', #1117, #785, #1730, .T. ) ;
#180 = VECTOR ( 'NONE', #236, 1000.000000000000000 ) ;
#181 = ORIENTED_EDGE ( 'NONE', *, *, #1857, .T. ) ;
#182 = VECTOR ( 'NONE', #585, 1000.000000000000000 ) ;
#183 = VERTEX_POINT ( 'NONE', #645 ) ;
#184 = LINE ( 'NONE', #172, #427 ) ;
#185 = AXIS2_PLACEMENT_3D ( 'NONE', #1665, #846, #1156 ) ;
#186 = DIRECTION ( 'NONE',  ( 0.000000000000000000, -1.000000000000000000, 0.000000000000000000 ) ) ;
#187 = CARTESIAN_POINT ( 'NONE',  ( 5.999999999999999112, -1.999999999999998224, -43.00000000000000000 ) ) ;
#188 = ORIENTED_EDGE ( 'NONE', *, *, #1525, .F. ) ;
#189 = EDGE_CURVE ( 'NONE', #1117, #1264, #1802, .T. ) ;
#190 = FACE_OUTER_BOUND ( 'NONE', #1257, .T. ) ;
#191 = AXIS2_PLACEMENT_3D ( 'NONE', #2077, #2061, #575 ) ;
#192 = DIRECTION ( 'NONE',  ( -0.000000000000000000, -0.000000000000000000, 1.000000000000000000 ) ) ;
#193 = CC_DESIGN_APPROVAL ( #418, ( #69 ) ) ;
#194 = EDGE_LOOP ( 'NONE', ( #259, #269, #1009, #518 ) ) ;
#195 = EDGE_CURVE ( 'NONE', #1331, #350, #525, .T. ) ;
#196 = DIRECTION ( 'NONE',  ( -1.000000000000000000, -0.000000000000000000, -0.000000000000000000 ) ) ;
#197 =( BOUNDED_CURVE ( )  B_SPLINE_CURVE ( 3, ( #802, #1939, #168, #1462 ),
 .UNSPECIFIED., .F., .T. ) 
 B_SPLINE_CURVE_WITH_KNOTS ( ( 4, 4 ),
 ( 1.570796326794925202, 1.620817183600666178 ),
 .UNSPECIFIED. ) 
 CURVE ( )  GEOMETRIC_REPRESENTATION_ITEM ( )  RATIONAL_B_SPLINE_CURVE ( ( 1.000000000000000000, 0.9997915036922855325, 0.9997915036922855325, 1.000000000000000000 ) ) 
 REPRESENTATION_ITEM ( '' )  );
#198 = CARTESIAN_POINT ( 'NONE',  ( -207.4275757471450277, -1.999999999999998224, 9.155365287956488629 ) ) ;
#199 = CARTESIAN_POINT ( 'NONE',  ( 35.00000000000000000, -0.5000000000000000000, -38.00000000000000000 ) ) ;
#200 = ORIENTED_EDGE ( 'NONE', *, *, #251, .T. ) ;
#201 = CARTESIAN_POINT ( 'NONE',  ( 24.50000000000000355, -12.90000000000000036, -10.00000000000000178 ) ) ;
#202 = DIRECTION ( 'NONE',  ( 0.000000000000000000, -1.000000000000000000, 0.000000000000000000 ) ) ;
#203 = DIRECTION ( 'NONE',  ( -1.000000000000000000, 0.000000000000000000, 0.000000000000000000 ) ) ;
#204 = VERTEX_POINT ( 'NONE', #290 ) ;
#205 = VERTEX_POINT ( 'NONE', #955 ) ;
#206 = CARTESIAN_POINT ( 'NONE',  ( 17.39900000000000091, -23.80000000000000071, -43.00000000000000000 ) ) ;
#207 = DIRECTION ( 'NONE',  ( 1.000000000000000000, 0.000000000000000000, -0.000000000000000000 ) ) ;
#208 = CARTESIAN_POINT ( 'NONE',  ( 24.50000000000000355, -12.90000000000000036, -9.001250782228094494 ) ) ;
#209 = EDGE_CURVE ( 'NONE', #632, #584, #1614, .T. ) ;
#210 = ORIENTED_EDGE ( 'NONE', *, *, #166, .T. ) ;
#211 = DIRECTION ( 'NONE',  ( 0.000000000000000000, -1.000000000000000000, 0.000000000000000000 ) ) ;
#212 = APPROVAL_ROLE ( '' ) ;
#213 = CARTESIAN_POINT ( 'NONE',  ( 39.39874306693379680, -23.80000000000000071, -33.31785517732169666 ) ) ;
#214 = ORIENTED_EDGE ( 'NONE', *, *, #1371, .T. ) ;
#215 = CARTESIAN_POINT ( 'NONE',  ( 35.54320961380423682, -25.80000000000000071, -42.95041070283831885 ) ) ;
#216 = AXIS2_PLACEMENT_3D ( 'NONE', #532, #696, #501 ) ;
#217 = CARTESIAN_POINT ( 'NONE',  ( 35.00000000000000000, -25.30000000000000071, -40.00000000000000000 ) ) ;
#218 = DIRECTION ( 'NONE',  ( -1.000000000000000000, 0.000000000000000000, -0.000000000000000000 ) ) ;
#219 = AXIS2_PLACEMENT_3D ( 'NONE', #825, #848, #513 ) ;
#220 = DIRECTION ( 'NONE',  ( -2.312964634635740689E-15, 0.000000000000000000, -1.000000000000000000 ) ) ;
#221 = AXIS2_PLACEMENT_3D ( 'NONE', #1680, #1887, #1691 ) ;
#222 = CARTESIAN_POINT ( 'NONE',  ( 39.39874306693379680, 0.000000000000000000, -33.31785517732169666 ) ) ;
#223 = EDGE_CURVE ( 'NONE', #1319, #292, #2068, .T. ) ;
#224 = PERSON_AND_ORGANIZATION ( #1934, #402 ) ;
#225 = CIRCLE ( 'NONE', #2129, 2.000000000000000000 ) ;
#226 = LINE ( 'NONE', #559, #1587 ) ;
#227 = AXIS2_PLACEMENT_3D ( 'NONE', #132, #783, #1610 ) ;
#228 = VECTOR ( 'NONE', #1941, 1000.000000000000000 ) ;
#229 = DIRECTION ( 'NONE',  ( -1.000000000000000000, 0.000000000000000000, 0.000000000000000000 ) ) ;
#230 = DIRECTION ( 'NONE',  ( -1.000000000000000000, 0.000000000000000000, 0.000000000000000000 ) ) ;
#231 = CARTESIAN_POINT ( 'NONE',  ( 35.00000000000000000, -0.5000000000000000000, -2.500000000000000000 ) ) ;
#232 = EDGE_LOOP ( 'NONE', ( #1602, #460 ) ) ;
#233 = DIRECTION ( 'NONE',  ( -0.000000000000000000, -0.000000000000000000, -1.000000000000000000 ) ) ;
#234 = APPLICATION_PROTOCOL_DEFINITION ( 'international standard', 'config_control_design', 1994, #1224 ) ;
#235 = EDGE_CURVE ( 'NONE', #1792, #1555, #1238, .T. ) ;
#236 = DIRECTION ( 'NONE',  ( 0.000000000000000000, 1.000000000000000000, 0.000000000000000000 ) ) ;
#237 = DIRECTION ( 'NONE',  ( -1.000000000000000000, 0.000000000000000000, 0.000000000000000000 ) ) ;
#238 = CARTESIAN_POINT ( 'NONE',  ( 24.50000000000000355, -12.90000000000000036, -10.00000000000000178 ) ) ;
#239 = ORIENTED_EDGE ( 'NONE', *, *, #1589, .T. ) ;
#240 = DIRECTION ( 'NONE',  ( 0.000000000000000000, 1.000000000000000000, 0.000000000000000000 ) ) ;
#241 = PERSON_AND_ORGANIZATION_ROLE ( 'creator' ) ;
#242 = ADVANCED_FACE ( 'NONE', ( #712 ), #2157, .T. ) ;
#243 = ADVANCED_FACE ( 'NONE', ( #2019 ), #520, .F. ) ;
#244 = DIRECTION ( 'NONE',  ( 0.000000000000000000, 0.000000000000000000, -1.000000000000000000 ) ) ;
#245 = AXIS2_PLACEMENT_3D ( 'NONE', #1771, #1094, #1754 ) ;
#246 = DIRECTION ( 'NONE',  ( 0.000000000000000000, 0.000000000000000000, 1.000000000000000000 ) ) ;
#247 = VECTOR ( 'NONE', #2011, 1000.000000000000000 ) ;
#248 = ORIENTED_EDGE ( 'NONE', *, *, #854, .T. ) ;
#249 = CARTESIAN_POINT ( 'NONE',  ( 24.49999999999999645, -17.39999999999999503, -40.00000000000000000 ) ) ;
#250 = AXIS2_PLACEMENT_3D ( 'NONE', #346, #156, #167 ) ;
#251 = EDGE_CURVE ( 'NONE', #1294, #1030, #449, .T. ) ;
#252 = AXIS2_PLACEMENT_3D ( 'NONE', #64, #2050, #2040 ) ;
#253 = ADVANCED_FACE ( 'NONE', ( #1028 ), #1141, .F. ) ;
#254 = VECTOR ( 'NONE', #319, 1000.000000000000000 ) ;
#255 = ORIENTED_EDGE ( 'NONE', *, *, #1021, .F. ) ;
#256 = DIRECTION ( 'NONE',  ( 0.000000000000000000, 0.000000000000000000, -1.000000000000000000 ) ) ;
#257 = EDGE_CURVE ( 'NONE', #542, #1339, #1409, .T. ) ;
#258 = CARTESIAN_POINT ( 'NONE',  ( 36.44855897014189594, -23.80000000000000071, -47.86776187424950280 ) ) ;
#259 = ORIENTED_EDGE ( 'NONE', *, *, #1500, .F. ) ;
#260 = DIRECTION ( 'NONE',  ( 0.000000000000000000, -1.000000000000000000, 0.000000000000000000 ) ) ;
#261 = DIRECTION ( 'NONE',  ( -1.000000000000000000, 0.000000000000000000, 0.000000000000000000 ) ) ;
#262 = LINE ( 'NONE', #70, #1078 ) ;
#263 = FACE_OUTER_BOUND ( 'NONE', #828, .T. ) ;
#264 = FACE_OUTER_BOUND ( 'NONE', #1715, .T. ) ;
#265 = DIRECTION ( 'NONE',  ( 0.8352681028336073066, 0.000000000000000000, -0.5498428833664635862 ) ) ;
#266 = DIRECTION ( 'NONE',  ( 0.000000000000000000, -1.000000000000000000, 0.000000000000000000 ) ) ;
#267 = CARTESIAN_POINT ( 'NONE',  ( 36.72402717759050716, -23.80000000000000071, -3.000000000000000000 ) ) ;
#268 = ADVANCED_FACE ( 'NONE', ( #865, #173, #1488, #1642 ), #1521, .F. ) ;
#269 = ORIENTED_EDGE ( 'NONE', *, *, #1688, .T. ) ;
#270 = VERTEX_POINT ( 'NONE', #510 ) ;
#271 = DIRECTION ( 'NONE',  ( -0.000000000000000000, -0.000000000000000000, -1.000000000000000000 ) ) ;
#272 = AXIS2_PLACEMENT_3D ( 'NONE', #198, #343, #771 ) ;
#273 = DIRECTION ( 'NONE',  ( 0.000000000000000000, 0.000000000000000000, -1.000000000000000000 ) ) ;
#274 = CARTESIAN_POINT ( 'NONE',  ( 1.900000000000001910, -25.80000000000000071, -22.88532855810083433 ) ) ;
#275 = DATE_AND_TIME ( #1952, #644 ) ;
#276 = CIRCLE ( 'NONE', #1447, 2.000000000000000000 ) ;
#277 = ORIENTED_EDGE ( 'NONE', *, *, #1578, .T. ) ;
#278 = AXIS2_PLACEMENT_3D ( 'NONE', #871, #703, #203 ) ;
#279 = EDGE_CURVE ( 'NONE', #1162, #1117, #5, .T. ) ;
#280 = AXIS2_PLACEMENT_3D ( 'NONE', #1668, #801, #1460 ) ;
#281 = DIRECTION ( 'NONE',  ( 0.000000000000000000, -1.000000000000000000, 0.000000000000000000 ) ) ;
#282 = CIRCLE ( 'NONE', #252, 0.5000000000000000000 ) ;
#283 = VERTEX_POINT ( 'NONE', #163 ) ;
#284 = ADVANCED_FACE ( 'NONE', ( #1664 ), #30, .F. ) ;
#285 = AXIS2_PLACEMENT_3D ( 'NONE', #963, #1983, #1139 ) ;
#286 = EDGE_LOOP ( 'NONE', ( #863, #1672, #1524, #950, #1648, #1201, #1443 ) ) ;
#287 = ORIENTED_EDGE ( 'NONE', *, *, #474, .F. ) ;
#288 = CARTESIAN_POINT ( 'NONE',  ( 35.00000000000000000, -25.80000000000000071, -40.00000000000000000 ) ) ;
#289 = AXIS2_PLACEMENT_3D ( 'NONE', #1444, #537, #960 ) ;
#290 = CARTESIAN_POINT ( 'NONE',  ( 35.00000000000000000, 0.000000000000000000, -2.500000000000000000 ) ) ;
#291 = CARTESIAN_POINT ( 'NONE',  ( 1.966649285089002275, 7.922023514849045403E-16, -20.66368572180082808 ) ) ;
#292 = VERTEX_POINT ( 'NONE', #2150 ) ;
#293 = CARTESIAN_POINT ( 'NONE',  ( 0.2500000000000000000, -5.899999999999996803, -1.801042119171814004 ) ) ;
#294 = EDGE_LOOP ( 'NONE', ( #901, #1763, #1332, #1438 ) ) ;
#295 = FACE_OUTER_BOUND ( 'NONE', #1130, .T. ) ;
#296 = ORIENTED_EDGE ( 'NONE', *, *, #2009, .T. ) ;
#297 = DIRECTION ( 'NONE',  ( 0.000000000000000000, -1.000000000000000000, 0.000000000000000000 ) ) ;
#298 = CARTESIAN_POINT ( 'NONE',  ( 24.50000000000000000, -8.399999999999998579, -45.00000000000000000 ) ) ;
#299 = DIRECTION ( 'NONE',  ( 1.000000000000000000, 0.000000000000000000, 0.000000000000000000 ) ) ;
#300 = ORIENTED_EDGE ( 'NONE', *, *, #629, .T. ) ;
#301 = DIRECTION ( 'NONE',  ( -0.000000000000000000, -0.000000000000000000, 1.000000000000000000 ) ) ;
#302 = CARTESIAN_POINT ( 'NONE',  ( 35.00000000000000000, -25.30000000000000071, -5.000000000000000000 ) ) ;
#303 = EDGE_CURVE ( 'NONE', #832, #1121, #844, .T. ) ;
#304 = ADVANCED_FACE ( 'NONE', ( #356 ), #794, .T. ) ;
#305 = ORIENTED_EDGE ( 'NONE', *, *, #1431, .T. ) ;
#306 = DIRECTION ( 'NONE',  ( -1.876684005424647795E-16, 0.000000000000000000, 1.000000000000000000 ) ) ;
#307 = DIRECTION ( 'NONE',  ( 0.000000000000000000, 0.000000000000000000, -1.000000000000000000 ) ) ;
#308 = CARTESIAN_POINT ( 'NONE',  ( 35.54320961380423682, 0.000000000000000000, -42.95041070283831885 ) ) ;
#309 = VERTEX_POINT ( 'NONE', #1679 ) ;
#310 = CARTESIAN_POINT ( 'NONE',  ( 5.000000000000000000, 0.000000000000000000, -7.500000000000000000 ) ) ;
#311 = CIRCLE ( 'NONE', #40, 3.449999999999998401 ) ;
#312 = CIRCLE ( 'NONE', #2158, 4.999999999999997335 ) ;
#313 = CARTESIAN_POINT ( 'NONE',  ( 2.000000000000000000, -25.80000000000000071, -39.00000000000000000 ) ) ;
#314 = ORIENTED_EDGE ( 'NONE', *, *, #705, .T. ) ;
#315 = CARTESIAN_POINT ( 'NONE',  ( 36.72402717759050716, -23.80000000000000071, -2.000000000000000000 ) ) ;
#316 = CIRCLE ( 'NONE', #1807, 5.999999999999998224 ) ;
#317 = AXIS2_PLACEMENT_3D ( 'NONE', #1357, #369, #405 ) ;
#318 = ORIENTED_EDGE ( 'NONE', *, *, #26, .F. ) ;
#319 = DIRECTION ( 'NONE',  ( 0.000000000000000000, 0.000000000000000000, -1.000000000000000000 ) ) ;
#320 = AXIS2_PLACEMENT_3D ( 'NONE', #1580, #1908, #1107 ) ;
#321 = EDGE_CURVE ( 'NONE', #600, #1354, #387, .T. ) ;
#322 = CARTESIAN_POINT ( 'NONE',  ( 5.000000000000000000, -0.5000000000000000000, -5.000000000000000000 ) ) ;
#323 = CIRCLE ( 'NONE', #1536, 2.000000000000000000 ) ;
#324 = DIRECTION ( 'NONE',  ( 0.000000000000000000, -1.000000000000000000, 0.000000000000000000 ) ) ;
#325 = APPROVAL_PERSON_ORGANIZATION ( #1869, #1794, #212 ) ;
#326 = VERTEX_POINT ( 'NONE', #920 ) ;
#327 = LINE ( 'NONE', #504, #1271 ) ;
#328 = DIRECTION ( 'NONE',  ( 0.000000000000000000, -1.000000000000000000, 0.000000000000000000 ) ) ;
#329 = EDGE_LOOP ( 'NONE', ( #962, #1833, #1422, #1947 ) ) ;
#330 = VERTEX_POINT ( 'NONE', #121 ) ;
#331 = CYLINDRICAL_SURFACE ( 'NONE', #2059, 1.000000000000000888 ) ;
#332 = CARTESIAN_POINT ( 'NONE',  ( 35.53758473560246500, -1.110844434534378200, -44.79628493543824419 ) ) ;
#333 = DIRECTION ( 'NONE',  ( 0.000000000000000000, -1.000000000000000000, 0.000000000000000000 ) ) ;
#334 = ORIENTED_EDGE ( 'NONE', *, *, #769, .T. ) ;
#335 = ADVANCED_FACE ( 'NONE', ( #720 ), #1937, .F. ) ;
#336 = FACE_OUTER_BOUND ( 'NONE', #577, .T. ) ;
#337 = DIRECTION ( 'NONE',  ( 0.000000000000000000, 0.000000000000000000, -1.000000000000000000 ) ) ;
#338 = ORIENTED_EDGE ( 'NONE', *, *, #1229, .F. ) ;
#339 = ORIENTED_EDGE ( 'NONE', *, *, #867, .T. ) ;
#340 = CARTESIAN_POINT ( 'NONE',  ( 2.000000000000000000, -23.80000000000000071, -3.000000000000000000 ) ) ;
#341 = EDGE_CURVE ( 'NONE', #1000, #2100, #349, .T. ) ;
#342 = EDGE_CURVE ( 'NONE', #1264, #1842, #923, .T. ) ;
#343 = DIRECTION ( 'NONE',  ( 0.000000000000000000, -1.000000000000000000, 0.000000000000000000 ) ) ;
#344 = CYLINDRICAL_SURFACE ( 'NONE', #972, 2.000000000000000000 ) ;
#345 = ORIENTED_EDGE ( 'NONE', *, *, #1137, .F. ) ;
#346 = CARTESIAN_POINT ( 'NONE',  ( 24.50000000000000355, -12.90000000000000036, 0.000000000000000000 ) ) ;
#347 = ADVANCED_FACE ( 'NONE', ( #1089 ), #1081, .T. ) ;
#348 = FACE_OUTER_BOUND ( 'NONE', #874, .T. ) ;
#349 = CIRCLE ( 'NONE', #735, 3.449999999999998401 ) ;
#350 = VERTEX_POINT ( 'NONE', #729 ) ;
#351 = EDGE_LOOP ( 'NONE', ( #2152, #2141 ) ) ;
#352 = AXIS2_PLACEMENT_3D ( 'NONE', #440, #630, #2097 ) ;
#353 = ORIENTED_EDGE ( 'NONE', *, *, #2156, .T. ) ;
#354 = FACE_OUTER_BOUND ( 'NONE', #1994, .T. ) ;
#355 = CIRCLE ( 'NONE', #2088, 1.999999999999997113 ) ;
#356 = FACE_OUTER_BOUND ( 'NONE', #294, .T. ) ;
#357 = CARTESIAN_POINT ( 'NONE',  ( 5.000000000000000000, -0.5000000000000000000, -3.000000000000000000 ) ) ;
#358 = AXIS2_PLACEMENT_3D ( 'NONE', #258, #1593, #1565 ) ;
#359 = AXIS2_PLACEMENT_3D ( 'NONE', #445, #1239, #1553 ) ;
#360 = EDGE_LOOP ( 'NONE', ( #1407, #898, #110, #535 ) ) ;
#361 = DIRECTION ( 'NONE',  ( 0.000000000000000000, -1.000000000000000000, 0.000000000000000000 ) ) ;
#362 = DIRECTION ( 'NONE',  ( 0.000000000000000000, -1.000000000000000000, 0.000000000000000000 ) ) ;
#363 = VECTOR ( 'NONE', #939, 1000.000000000000000 ) ;
#364 = DIRECTION ( 'NONE',  ( 1.000000000000000000, 0.000000000000000000, -0.000000000000000000 ) ) ;
#365 = ORIENTED_EDGE ( 'NONE', *, *, #640, .T. ) ;
#366 = EDGE_LOOP ( 'NONE', ( #2003, #1821, #314, #345 ) ) ;
#367 = CARTESIAN_POINT ( 'NONE',  ( 35.56571723798392526, -24.06294720788148211, -44.98694341658547557 ) ) ;
#368 = CARTESIAN_POINT ( 'NONE',  ( 35.00000000000000000, 0.000000000000000000, -5.000000000000000000 ) ) ;
#369 = DIRECTION ( 'NONE',  ( 0.000000000000000000, 0.000000000000000000, -1.000000000000000000 ) ) ;
#370 = ORIENTED_EDGE ( 'NONE', *, *, #119, .T. ) ;
#371 = CARTESIAN_POINT ( 'NONE',  ( 25.50000000000000000, -17.39999999999999503, -40.00000000000000000 ) ) ;
#372 = DIRECTION ( 'NONE',  ( -0.000000000000000000, 1.000000000000000000, -0.000000000000000000 ) ) ;
#373 = DIRECTION ( 'NONE',  ( -0.000000000000000000, 1.000000000000000000, -0.000000000000000000 ) ) ;
#374 = ORIENTED_EDGE ( 'NONE', *, *, #235, .F. ) ;
#375 = PLANE ( 'NONE',  #48 ) ;
#376 = ADVANCED_FACE ( 'NONE', ( #1410 ), #1485, .T. ) ;
#377 = ADVANCED_FACE ( 'NONE', ( #1865 ), #609, .T. ) ;
#378 = DIRECTION ( 'NONE',  ( 0.000000000000000000, 1.000000000000000000, 0.000000000000000000 ) ) ;
#379 = ADVANCED_FACE ( 'NONE', ( #444 ), #1741, .F. ) ;
#380 = CARTESIAN_POINT ( 'NONE',  ( 24.50000000000000000, -8.399999999999998579, -40.00000000000000000 ) ) ;
#381 = PRODUCT ( 'soft_gripper_finger_3V2.1', 'soft_gripper_finger_3V2.1', '', ( #415 ) ) ;
#382 = ORIENTED_EDGE ( 'NONE', *, *, #1689, .F. ) ;
#383 = CARTESIAN_POINT ( 'NONE',  ( 23.50000000000000000, -8.399999999999998579, -40.00000000000000000 ) ) ;
#384 = CYLINDRICAL_SURFACE ( 'NONE', #563, 1.000000000000000888 ) ;
#385 = AXIS2_PLACEMENT_3D ( 'NONE', #1439, #1260, #1746 ) ;
#386 = CARTESIAN_POINT ( 'NONE',  ( 27.00000000000000355, -12.90000000000000036, -45.00000000000000000 ) ) ;
#387 = CIRCLE ( 'NONE', #272, 247.4540000000000077 ) ;
#388 = TOROIDAL_SURFACE ( 'NONE', #278, 2.449999999999999289, 1.000000000000000000 ) ;
#389 = DIRECTION ( 'NONE',  ( 0.000000000000000000, 0.000000000000000000, 1.000000000000000000 ) ) ;
#390 = CIRCLE ( 'NONE', #1839, 3.000000000000002665 ) ;
#391 = EDGE_CURVE ( 'NONE', #204, #1138, #72, .T. ) ;
#392 = CARTESIAN_POINT ( 'NONE',  ( 2.000000000000000000, -25.80000000000000426, -39.00000000000000000 ) ) ;
#393 = VECTOR ( 'NONE', #1087, 1000.000000000000000 ) ;
#394 = EDGE_CURVE ( 'NONE', #1090, #1161, #139, .T. ) ;
#395 = ORIENTED_EDGE ( 'NONE', *, *, #964, .T. ) ;
#396 = CIRCLE ( 'NONE', #1594, 0.5000000000000000000 ) ;
#397 = DIRECTION ( 'NONE',  ( 0.000000000000000000, 0.000000000000000000, -1.000000000000000000 ) ) ;
#398 =( NAMED_UNIT ( * ) PLANE_ANGLE_UNIT ( ) SI_UNIT ( $, .RADIAN. ) );
#399 = CIRCLE ( 'NONE', #1012, 4.999999999999997335 ) ;
#400 = CARTESIAN_POINT ( 'NONE',  ( 0.000000000000000000, -25.80000000000000071, -62.88949999999999818 ) ) ;
#401 = AXIS2_PLACEMENT_3D ( 'NONE', #587, #99, #1928 ) ;
#402 = ORGANIZATION ( 'UNSPECIFIED', 'UNSPECIFIED', '' ) ;
#403 = CARTESIAN_POINT ( 'NONE',  ( 39.39874306693379680, -23.80000000000000071, -33.31785517732169666 ) ) ;
#404 = CARTESIAN_POINT ( 'NONE',  ( 24.50000000000000355, -12.90000000000000036, -9.001250782228094494 ) ) ;
#405 = DIRECTION ( 'NONE',  ( -1.000000000000000000, 0.000000000000000000, 0.000000000000000000 ) ) ;
#406 = ORIENTED_EDGE ( 'NONE', *, *, #935, .F. ) ;
#407 = CARTESIAN_POINT ( 'NONE',  ( 1.900000000000001910, -25.79749843554382238, -22.88532855810083433 ) ) ;
#408 = APPLICATION_PROTOCOL_DEFINITION ( 'international standard', 'config_control_design', 1994, #2098 ) ;
#409 = ADVANCED_FACE ( 'NONE', ( #555 ), #97, .F. ) ;
#410 = DIRECTION ( 'NONE',  ( -1.876684005424648042E-16, 0.000000000000000000, 1.000000000000000000 ) ) ;
#411 = DIRECTION ( 'NONE',  ( 0.000000000000000000, 0.000000000000000000, -1.000000000000000000 ) ) ;
#412 = EDGE_CURVE ( 'NONE', #1328, #350, #1901, .T. ) ;
#413 = EDGE_LOOP ( 'NONE', ( #1519, #1936, #656, #94 ) ) ;
#414 = DIRECTION ( 'NONE',  ( -0.000000000000000000, -0.000000000000000000, -1.000000000000000000 ) ) ;
#415 = MECHANICAL_CONTEXT ( 'NONE', #1224, 'mechanical' ) ;
#416 =( BOUNDED_CURVE ( )  B_SPLINE_CURVE ( 3, ( #571, #1221, #1889, #407 ),
 .UNSPECIFIED., .F., .T. ) 
 B_SPLINE_CURVE_WITH_KNOTS ( ( 4, 4 ),
 ( 1.570796326794925202, 1.620817183600666178 ),
 .UNSPECIFIED. ) 
 CURVE ( )  GEOMETRIC_REPRESENTATION_ITEM ( )  RATIONAL_B_SPLINE_CURVE ( ( 1.000000000000000000, 0.9997915036922855325, 0.9997915036922855325, 1.000000000000000000 ) ) 
 REPRESENTATION_ITEM ( '' )  );
#417 = DIRECTION ( 'NONE',  ( 0.000000000000000000, 0.000000000000000000, -1.000000000000000000 ) ) ;
#418 = APPROVAL ( #1879, 'UNSPECIFIED' ) ;
#419 = AXIS2_PLACEMENT_3D ( 'NONE', #217, #281, #54 ) ;
#420 = DIRECTION ( 'NONE',  ( 0.000000000000000000, -1.000000000000000000, 0.000000000000000000 ) ) ;
#421 = VECTOR ( 'NONE', #2028, 1000.000000000000000 ) ;
#422 = ORIENTED_EDGE ( 'NONE', *, *, #1552, .F. ) ;
#423 = DIRECTION ( 'NONE',  ( 0.000000000000000000, -1.000000000000000000, 0.000000000000000000 ) ) ;
#424 = CIRCLE ( 'NONE', #673, 2.000000000000000000 ) ;
#425 = SHAPE_DEFINITION_REPRESENTATION ( #1675, #1551 ) ;
#426 = CIRCLE ( 'NONE', #1531, 3.000000000000000000 ) ;
#427 = VECTOR ( 'NONE', #1613, 1000.000000000000000 ) ;
#428 = VECTOR ( 'NONE', #760, 1000.000000000000000 ) ;
#429 = ORIENTED_EDGE ( 'NONE', *, *, #1396, .F. ) ;
#430 = CYLINDRICAL_SURFACE ( 'NONE', #1814, 2.000000000000001776 ) ;
#431 = FACE_OUTER_BOUND ( 'NONE', #1055, .T. ) ;
#432 = CARTESIAN_POINT ( 'NONE',  ( 35.00000000000170530, 0.000000000000000000, -39.99999999999150191 ) ) ;
#433 = DIRECTION ( 'NONE',  ( 1.000000000000000000, 0.000000000000000000, 0.000000000000000000 ) ) ;
#434 = DIRECTION ( 'NONE',  ( -0.9834702342822407850, 1.706048903333815075E-14, -0.1810698712675156419 ) ) ;
#435 = ORIENTED_EDGE ( 'NONE', *, *, #545, .T. ) ;
#436 = CARTESIAN_POINT ( 'NONE',  ( 35.30623925324869106, -25.80000000000000071, -43.00000000000000000 ) ) ;
#437 = ORIENTED_EDGE ( 'NONE', *, *, #394, .F. ) ;
#438 = DIRECTION ( 'NONE',  ( -0.000000000000000000, -0.000000000000000000, 1.000000000000000000 ) ) ;
#439 = CARTESIAN_POINT ( 'NONE',  ( 5.999999999999998224, -23.80000000000000071, -45.00000000000000000 ) ) ;
#440 = CARTESIAN_POINT ( 'NONE',  ( 3.000000000000000000, -23.80000000000000071, -3.000000000000000000 ) ) ;
#441 = ORIENTED_EDGE ( 'NONE', *, *, #988, .F. ) ;
#442 = EDGE_CURVE ( 'NONE', #1075, #816, #1046, .T. ) ;
#443 = APPROVAL ( #1421, 'UNSPECIFIED' ) ;
#444 = FACE_OUTER_BOUND ( 'NONE', #921, .T. ) ;
#445 = CARTESIAN_POINT ( 'NONE',  ( 35.00000000000000000, -0.5000000000000000000, -5.000000000000000000 ) ) ;
#446 = EDGE_LOOP ( 'NONE', ( #1676, #114, #120, #1674, #1832, #1800, #2031, #827, #1990, #1959, #621, #1470 ) ) ;
#447 = ORIENTED_EDGE ( 'NONE', *, *, #1290, .T. ) ;
#448 = DIRECTION ( 'NONE',  ( 1.000000000000000000, 0.000000000000000000, 0.000000000000000000 ) ) ;
#449 = CIRCLE ( 'NONE', #216, 1.999999999999997335 ) ;
#450 = DIRECTION ( 'NONE',  ( 0.000000000000000000, 0.000000000000000000, -1.000000000000000000 ) ) ;
#451 = CARTESIAN_POINT ( 'NONE',  ( 4.999999999999999112, -25.80000000000000071, -2.500000000000000000 ) ) ;
#452 = CIRCLE ( 'NONE', #1761, 3.000000000000000000 ) ;
#453 = EDGE_LOOP ( 'NONE', ( #924, #603, #1292, #44 ) ) ;
#454 = AXIS2_PLACEMENT_3D ( 'NONE', #1556, #1202, #2042 ) ;
#455 = CIRCLE ( 'NONE', #1275, 1.999999999999998002 ) ;
#456 = CARTESIAN_POINT ( 'NONE',  ( 0.2500000000000000000, 0.000000000000000000, 0.000000000000000000 ) ) ;
#457 = AXIS2_PLACEMENT_3D ( 'NONE', #1872, #1687, #1535 ) ;
#458 = ORIENTED_EDGE ( 'NONE', *, *, #1574, .F. ) ;
#459 = DIRECTION ( 'NONE',  ( 1.000000000000000000, 0.000000000000000000, 0.000000000000000000 ) ) ;
#460 = ORIENTED_EDGE ( 'NONE', *, *, #1854, .T. ) ;
#461 = ORIENTED_EDGE ( 'NONE', *, *, #1203, .T. ) ;
#462 = CARTESIAN_POINT ( 'NONE',  ( 1.933309000429457969, -25.79916597128936573, -23.99562857241603098 ) ) ;
#463 = LOCAL_TIME ( 14, 12, 10.00000000000000000, #744 ) ;
#464 = DIRECTION ( 'NONE',  ( 0.000000000000000000, -1.000000000000000000, 0.000000000000000000 ) ) ;
#465 = CARTESIAN_POINT ( 'NONE',  ( 1.933309000429438207, -0.0008340287106333364687, -21.77502854378629138 ) ) ;
#466 = COORDINATED_UNIVERSAL_TIME_OFFSET ( 3, 0, .AHEAD. ) ;
#467 = EDGE_LOOP ( 'NONE', ( #2060, #1381 ) ) ;
#468 = ADVANCED_FACE ( 'NONE', ( #2087 ), #1006, .T. ) ;
#469 = EDGE_CURVE ( 'NONE', #2100, #986, #1878, .T. ) ;
#470 = ORIENTED_EDGE ( 'NONE', *, *, #984, .T. ) ;
#471 = CARTESIAN_POINT ( 'NONE',  ( 25.50000000000000000, -17.39999999999999503, -45.00000000000000000 ) ) ;
#472 = ORIENTED_EDGE ( 'NONE', *, *, #1620, .F. ) ;
#473 = ORIENTED_EDGE ( 'NONE', *, *, #1298, .T. ) ;
#474 = EDGE_CURVE ( 'NONE', #816, #270, #105, .T. ) ;
#475 = CARTESIAN_POINT ( 'NONE',  ( 2.000000000000000888, -25.80000000000000071, -26.21866189143415227 ) ) ;
#476 = DIRECTION ( 'NONE',  ( 0.000000000000000000, 0.000000000000000000, -1.000000000000000000 ) ) ;
#477 = DIRECTION ( 'NONE',  ( 0.000000000000000000, -1.000000000000000000, 0.000000000000000000 ) ) ;
#478 = EDGE_CURVE ( 'NONE', #183, #2065, #658, .T. ) ;
#479 = ORIENTED_EDGE ( 'NONE', *, *, #984, .F. ) ;
#480 = CARTESIAN_POINT ( 'NONE',  ( 37.72279014700004751, 0.000000000000000000, -3.049724550581790705 ) ) ;
#481 = DIRECTION ( 'NONE',  ( 0.000000000000000000, 0.000000000000000000, -1.000000000000000000 ) ) ;
#482 = ORIENTED_EDGE ( 'NONE', *, *, #257, .T. ) ;
#483 = DIRECTION ( 'NONE',  ( -0.000000000000000000, 1.000000000000000000, -0.000000000000000000 ) ) ;
#484 = ADVANCED_FACE ( 'NONE', ( #1280 ), #973, .F. ) ;
#485 = EDGE_LOOP ( 'NONE', ( #2014, #1256, #581, #2103 ) ) ;
#486 = DIRECTION ( 'NONE',  ( -1.000000000000000000, 0.000000000000000000, 0.000000000000000000 ) ) ;
#487 = DIRECTION ( 'NONE',  ( 0.000000000000000000, 0.000000000000000000, -1.000000000000000000 ) ) ;
#488 = VERTEX_POINT ( 'NONE', #815 ) ;
#489 = DIRECTION ( 'NONE',  ( 0.000000000000000000, -1.000000000000000000, 0.000000000000000000 ) ) ;
#490 = CIRCLE ( 'NONE', #1523, 1.000000000000000888 ) ;
#491 = CIRCLE ( 'NONE', #1413, 3.999999999999996447 ) ;
#492 = FACE_OUTER_BOUND ( 'NONE', #1633, .T. ) ;
#493 = ORIENTED_EDGE ( 'NONE', *, *, #1552, .T. ) ;
#494 = LINE ( 'NONE', #2146, #1992 ) ;
#495 = VECTOR ( 'NONE', #1314, 1000.000000000000000 ) ;
#496 = AXIS2_PLACEMENT_3D ( 'NONE', #2151, #1164, #2140 ) ;
#497 = ORIENTED_EDGE ( 'NONE', *, *, #32, .T. ) ;
#498 = CARTESIAN_POINT ( 'NONE',  ( 19.92849999999999966, -23.80000000000000071, -2.000000000000000000 ) ) ;
#499 = AXIS2_PLACEMENT_3D ( 'NONE', #2064, #1398, #1430 ) ;
#500 = EDGE_CURVE ( 'NONE', #832, #687, #1731, .T. ) ;
#501 = DIRECTION ( 'NONE',  ( -0.1810698712675330446, 0.000000000000000000, 0.9834702342822374543 ) ) ;
#502 = CARTESIAN_POINT ( 'NONE',  ( 35.00000000000170530, -23.80000000000000071, -39.99999999999150191 ) ) ;
#503 = ORIENTED_EDGE ( 'NONE', *, *, #1060, .F. ) ;
#504 = CARTESIAN_POINT ( 'NONE',  ( 25.50000000000000355, -8.399999999999998579, -40.00000000000000000 ) ) ;
#505 = DIRECTION ( 'NONE',  ( 0.000000000000000000, 0.000000000000000000, 1.000000000000000000 ) ) ;
#506 = ORIENTED_EDGE ( 'NONE', *, *, #1166, .T. ) ;
#507 = VERTEX_POINT ( 'NONE', #636 ) ;
#508 = ORIENTED_EDGE ( 'NONE', *, *, #567, .F. ) ;
#509 = DIRECTION ( 'NONE',  ( 1.000000000000000000, 0.000000000000000000, 0.000000000000000000 ) ) ;
#510 = CARTESIAN_POINT ( 'NONE',  ( 3.000000000000000000, -23.80000000000000071, 0.000000000000000000 ) ) ;
#511 = CARTESIAN_POINT ( 'NONE',  ( -207.4275757471450277, -25.80000000000000071, 9.155365287956488629 ) ) ;
#512 = ORIENTED_EDGE ( 'NONE', *, *, #1465, .F. ) ;
#513 = DIRECTION ( 'NONE',  ( -0.02998650910567099773, 0.000000000000000000, 0.9995503035223667343 ) ) ;
#514 = CC_DESIGN_PERSON_AND_ORGANIZATION_ASSIGNMENT ( #1529, #1262, ( #904 ) ) ;
#515 = CARTESIAN_POINT ( 'NONE',  ( 36.72402717759050716, -1.999999999999998224, -3.000000000000000000 ) ) ;
#516 = VERTEX_POINT ( 'NONE', #2110 ) ;
#517 = EDGE_LOOP ( 'NONE', ( #926, #100, #338, #1312 ) ) ;
#518 = ORIENTED_EDGE ( 'NONE', *, *, #705, .F. ) ;
#519 = CARTESIAN_POINT ( 'NONE',  ( 5.000000000000000000, -25.30000000000000071, -5.000000000000000000 ) ) ;
#520 = CYLINDRICAL_SURFACE ( 'NONE', #1101, 2.000000000000000000 ) ;
#521 = ORIENTED_EDGE ( 'NONE', *, *, #1431, .F. ) ;
#522 = AXIS2_PLACEMENT_3D ( 'NONE', #102, #1253, #307 ) ;
#523 = EDGE_CURVE ( 'NONE', #1749, #309, #968, .T. ) ;
#524 = LINE ( 'NONE', #2037, #421 ) ;
#525 = CIRCLE ( 'NONE', #762, 2.000000000000000000 ) ;
#526 = ORIENTED_EDGE ( 'NONE', *, *, #1919, .F. ) ;
#527 = CIRCLE ( 'NONE', #704, 0.5000000000000004441 ) ;
#528 = AXIS2_PLACEMENT_3D ( 'NONE', #971, #2142, #657 ) ;
#529 = ORIENTED_EDGE ( 'NONE', *, *, #1981, .T. ) ;
#530 = CARTESIAN_POINT ( 'NONE',  ( 35.00000000000000000, 0.000000000000000000, -42.50000000000000000 ) ) ;
#531 = AXIS2_PLACEMENT_3D ( 'NONE', #566, #1548, #1375 ) ;
#532 = CARTESIAN_POINT ( 'NONE',  ( 35.54320961380422261, -2.000000000000000000, -42.95041070283822648 ) ) ;
#533 = DIRECTION ( 'NONE',  ( 0.000000000000000000, 0.000000000000000000, 1.000000000000000000 ) ) ;
#534 = AXIS2_PLACEMENT_3D ( 'NONE', #908, #1232, #93 ) ;
#535 = ORIENTED_EDGE ( 'NONE', *, *, #1905, .F. ) ;
#536 = CARTESIAN_POINT ( 'NONE',  ( 3.000000000000000000, 0.000000000000000000, -2.000000000000001776 ) ) ;
#537 = DIRECTION ( 'NONE',  ( 0.000000000000000000, -1.000000000000000000, 0.000000000000000000 ) ) ;
#538 = CIRCLE ( 'NONE', #1393, 245.4540000000000077 ) ;
#539 = LINE ( 'NONE', #1212, #180 ) ;
#540 = EDGE_CURVE ( 'NONE', #1780, #742, #1378, .T. ) ;
#541 = ADVANCED_FACE ( 'NONE', ( #492 ), #140, .T. ) ;
#542 = VERTEX_POINT ( 'NONE', #1993 ) ;
#543 = DIRECTION ( 'NONE',  ( 0.000000000000000000, -1.000000000000000000, 0.000000000000000000 ) ) ;
#544 = DIRECTION ( 'NONE',  ( -1.000000000000000000, 0.000000000000000000, 0.000000000000000000 ) ) ;
#545 = EDGE_CURVE ( 'NONE', #330, #1515, #1974, .T. ) ;
#546 = CYLINDRICAL_SURFACE ( 'NONE', #531, 2.000000000000001776 ) ;
#547 = EDGE_LOOP ( 'NONE', ( #1727, #178, #851, #2133 ) ) ;
#548 = EDGE_CURVE ( 'NONE', #782, #2145, #197, .T. ) ;
#549 = CARTESIAN_POINT ( 'NONE',  ( 29.95000000000000284, -12.90000000000000036, -2.000000000000000000 ) ) ;
#550 = DIRECTION ( 'NONE',  ( 0.000000000000000000, 0.000000000000000000, -1.000000000000000000 ) ) ;
#551 = DIRECTION ( 'NONE',  ( -1.000000000000000000, 0.000000000000000000, 0.000000000000000000 ) ) ;
#552 = ADVANCED_FACE ( 'NONE', ( #1473 ), #2084, .T. ) ;
#553 = EDGE_CURVE ( 'NONE', #748, #1644, #998, .T. ) ;
#554 = CARTESIAN_POINT ( 'NONE',  ( 24.50000000000000000, -8.399999999999998579, -40.00000000000000000 ) ) ;
#555 = FACE_OUTER_BOUND ( 'NONE', #907, .T. ) ;
#556 = DIRECTION ( 'NONE',  ( 0.000000000000000000, -1.000000000000000000, 0.000000000000000000 ) ) ;
#557 = DIRECTION ( 'NONE',  ( 0.000000000000000000, 0.000000000000000000, -1.000000000000000000 ) ) ;
#558 = CARTESIAN_POINT ( 'NONE',  ( 35.00000000000000000, 0.000000000000000000, -42.00000000000000000 ) ) ;
#559 = CARTESIAN_POINT ( 'NONE',  ( 27.00000000000000355, -12.90000000000000036, -45.00099999999999767 ) ) ;
#560 = AXIS2_PLACEMENT_3D ( 'NONE', #61, #1199, #1926 ) ;
#561 = EDGE_LOOP ( 'NONE', ( #682, #961, #90, #991 ) ) ;
#562 = DIRECTION ( 'NONE',  ( -1.000000000000000000, 0.000000000000000000, 0.000000000000000000 ) ) ;
#563 = AXIS2_PLACEMENT_3D ( 'NONE', #37, #1370, #551 ) ;
#564 = TOROIDAL_SURFACE ( 'NONE', #352, 1.000000000000000000, 2.000000000000000000 ) ;
#565 = DIRECTION ( 'NONE',  ( -1.000000000000000000, -0.000000000000000000, -0.000000000000000000 ) ) ;
#566 = CARTESIAN_POINT ( 'NONE',  ( 35.00000000000000000, 0.000000000000000000, -40.00000000000000000 ) ) ;
#567 = EDGE_CURVE ( 'NONE', #1294, #1319, #312, .T. ) ;
#568 = VECTOR ( 'NONE', #211, 1000.000000000000000 ) ;
#569 = ORIENTED_EDGE ( 'NONE', *, *, #1102, .T. ) ;
#570 = CIRCLE ( 'NONE', #674, 3.449999999999998401 ) ;
#571 = CARTESIAN_POINT ( 'NONE',  ( 1.999999999999943601, -25.80000000000000071, -19.55199522476943486 ) ) ;
#572 = CIRCLE ( 'NONE', #320, 2.000000000000001776 ) ;
#573 = AXIS2_PLACEMENT_3D ( 'NONE', #717, #1392, #1859 ) ;
#574 = EDGE_CURVE ( 'NONE', #131, #1491, #1134, .T. ) ;
#575 = DIRECTION ( 'NONE',  ( 0.000000000000000000, 0.000000000000000000, -1.000000000000000000 ) ) ;
#576 = DIRECTION ( 'NONE',  ( -0.000000000000000000, 1.000000000000000000, -0.000000000000000000 ) ) ;
#577 = EDGE_LOOP ( 'NONE', ( #761, #715, #181, #1283 ) ) ;
#578 = LINE ( 'NONE', #1210, #1240 ) ;
#579 = ADVANCED_FACE ( 'NONE', ( #1656 ), #177, .F. ) ;
#580 = DATE_AND_TIME ( #2067, #463 ) ;
#581 = ORIENTED_EDGE ( 'NONE', *, *, #1137, .T. ) ;
#582 = FACE_OUTER_BOUND ( 'NONE', #1592, .T. ) ;
#583 = PLANE ( 'NONE',  #1811 ) ;
#584 = VERTEX_POINT ( 'NONE', #293 ) ;
#585 = DIRECTION ( 'NONE',  ( -1.000000000000000000, -0.000000000000000000, -0.000000000000000000 ) ) ;
#586 = ORIENTED_EDGE ( 'NONE', *, *, #161, .F. ) ;
#587 = CARTESIAN_POINT ( 'NONE',  ( 0.2500000000000000000, -5.899999999999996803, -122.3646703878650186 ) ) ;
#588 = AXIS2_PLACEMENT_3D ( 'NONE', #1808, #1155, #207 ) ;
#589 = FACE_OUTER_BOUND ( 'NONE', #453, .T. ) ;
#590 = CIRCLE ( 'NONE', #250, 5.450000000000000178 ) ;
#591 = CLOSED_SHELL ( 'NONE', ( #2148, #711, #1784, #1532, #853, #1173, #1724, #335, #379, #1543, #1197, #243, #1259, #1388, #757, #1492, #718, #2048, #2086, #1289, #1537, #347, #284, #862, #377, #1069, #409, #1559, #1544, #1988, #1775, #784, #1884, #1233, #579, #268, #484, #605, #253, #1745, #1452, #1978, #612, #376, #1617, #1113, #1718, #727, #468, #2027, #635, #1831, #1207, #1329, #242, #86, #1862, #89, #1154, #2109, #541, #734, #552, #1967, #2078, #1776, #1945, #304, #1699, #154, #1932 ) ) ;
#592 = ORIENTED_EDGE ( 'NONE', *, *, #1237, .T. ) ;
#593 = DIRECTION ( 'NONE',  ( 0.000000000000000000, 0.000000000000000000, -1.000000000000000000 ) ) ;
#594 = AXIS2_PLACEMENT_3D ( 'NONE', #1868, #1542, #34 ) ;
#595 = AXIS2_PLACEMENT_3D ( 'NONE', #238, #1175, #1029 ) ;
#596 = AXIS2_PLACEMENT_3D ( 'NONE', #148, #1284, #509 ) ;
#597 = CARTESIAN_POINT ( 'NONE',  ( 26.95000000000000639, -12.90000000000000036, -9.001250782228094494 ) ) ;
#598 = AXIS2_PLACEMENT_3D ( 'NONE', #403, #1056, #1172 ) ;
#599 = EDGE_CURVE ( 'NONE', #1856, #1792, #2121, .T. ) ;
#600 = VERTEX_POINT ( 'NONE', #130 ) ;
#601 = CARTESIAN_POINT ( 'NONE',  ( 36.72402717759050716, -2.000000000000000000, 0.000000000000000000 ) ) ;
#602 = EDGE_CURVE ( 'NONE', #507, #292, #789, .T. ) ;
#603 = ORIENTED_EDGE ( 'NONE', *, *, #667, .T. ) ;
#604 = DIRECTION ( 'NONE',  ( 0.000000000000000000, 0.000000000000000000, -1.000000000000000000 ) ) ;
#605 = ADVANCED_FACE ( 'NONE', ( #849 ), #384, .F. ) ;
#606 = CARTESIAN_POINT ( 'NONE',  ( 3.000000000000000000, -5.899999999999995914, -3.000000000000000000 ) ) ;
#607 = LINE ( 'NONE', #1254, #1414 ) ;
#608 = ORIENTED_EDGE ( 'NONE', *, *, #1890, .T. ) ;
#609 = CYLINDRICAL_SURFACE ( 'NONE', #1662, 247.4539999999999793 ) ;
#610 = ORIENTED_EDGE ( 'NONE', *, *, #1913, .F. ) ;
#611 = CARTESIAN_POINT ( 'NONE',  ( 35.00000000000000000, -0.5000000000000000000, -5.000000000000000000 ) ) ;
#612 = ADVANCED_FACE ( 'NONE', ( #2044 ), #388, .F. ) ;
#613 = EDGE_CURVE ( 'NONE', #171, #507, #1327, .T. ) ;
#614 = ORIENTED_EDGE ( 'NONE', *, *, #1943, .F. ) ;
#615 = ORIENTED_EDGE ( 'NONE', *, *, #1935, .T. ) ;
#616 = FACE_BOUND ( 'NONE', #467, .T. ) ;
#617 = CARTESIAN_POINT ( 'NONE',  ( 0.2500000000000000000, -5.899999999999996803, -122.3646703878650186 ) ) ;
#618 = CARTESIAN_POINT ( 'NONE',  ( 36.64952865010163663, -2.000000000000000000, -37.49419569148984266 ) ) ;
#619 = EDGE_LOOP ( 'NONE', ( #1968, #647 ) ) ;
#620 = DIRECTION ( 'NONE',  ( 0.000000000000000000, -1.000000000000000000, 0.000000000000000000 ) ) ;
#621 = ORIENTED_EDGE ( 'NONE', *, *, #1079, .T. ) ;
#622 = DIRECTION ( 'NONE',  ( 0.000000000000000000, -1.000000000000000000, 0.000000000000000000 ) ) ;
#623 = EDGE_LOOP ( 'NONE', ( #169, #1649 ) ) ;
#624 = VERTEX_POINT ( 'NONE', #2002 ) ;
#625 = DIRECTION ( 'NONE',  ( 0.000000000000000000, 1.000000000000000000, 0.000000000000000000 ) ) ;
#626 = AXIS2_PLACEMENT_3D ( 'NONE', #654, #1782, #1629 ) ;
#627 = AXIS2_PLACEMENT_3D ( 'NONE', #663, #1512, #993 ) ;
#628 = CARTESIAN_POINT ( 'NONE',  ( 2.999999999999999112, -2.000000000000000000, 0.000000000000000000 ) ) ;
#629 = EDGE_CURVE ( 'NONE', #1399, #687, #491, .T. ) ;
#630 = DIRECTION ( 'NONE',  ( 0.000000000000000000, -1.000000000000000000, 0.000000000000000000 ) ) ;
#631 = AXIS2_PLACEMENT_3D ( 'NONE', #949, #1608, #1441 ) ;
#632 = VERTEX_POINT ( 'NONE', #1352 ) ;
#633 = CIRCLE ( 'NONE', #1903, 4.999999999999997335 ) ;
#634 = CIRCLE ( 'NONE', #317, 1.000000000000000888 ) ;
#635 = ADVANCED_FACE ( 'NONE', ( #348 ), #764, .T. ) ;
#636 = CARTESIAN_POINT ( 'NONE',  ( 5.999999999999998224, -1.999999999999998224, -45.00000000000000000 ) ) ;
#637 = TOROIDAL_SURFACE ( 'NONE', #1736, 1.000000000000000000, 2.000000000000000000 ) ;
#638 =( BOUNDED_CURVE ( )  B_SPLINE_CURVE ( 3, ( #1773, #465, #291, #945 ),
 .UNSPECIFIED., .F., .F. ) 
 B_SPLINE_CURVE_WITH_KNOTS ( ( 4, 4 ),
 ( 1.520775469989127382, 1.570796326794868358 ),
 .UNSPECIFIED. ) 
 CURVE ( )  GEOMETRIC_REPRESENTATION_ITEM ( )  RATIONAL_B_SPLINE_CURVE ( ( 1.000000000000000000, 0.9997915036922855325, 0.9997915036922855325, 1.000000000000000000 ) ) 
 REPRESENTATION_ITEM ( '' )  );
#639 = EDGE_CURVE ( 'NONE', #1170, #1896, #524, .T. ) ;
#640 = EDGE_CURVE ( 'NONE', #1752, #986, #226, .T. ) ;
#641 = ORIENTED_EDGE ( 'NONE', *, *, #32, .F. ) ;
#642 = ORIENTED_EDGE ( 'NONE', *, *, #1361, .F. ) ;
#643 = CARTESIAN_POINT ( 'NONE',  ( 37.72279014700288258, -23.80000000000000071, -3.049724550581934146 ) ) ;
#644 = LOCAL_TIME ( 14, 12, 10.00000000000000000, #1740 ) ;
#645 = CARTESIAN_POINT ( 'NONE',  ( 35.00000000000000000, -0.5000000000000000000, -3.000000000000000000 ) ) ;
#646 = CARTESIAN_POINT ( 'NONE',  ( 6.000000000000000000, -19.89999999999999858, -39.00000000000000000 ) ) ;
#647 = ORIENTED_EDGE ( 'NONE', *, *, #1096, .T. ) ;
#648 = EDGE_CURVE ( 'NONE', #1264, #1030, #539, .T. ) ;
#649 = DIRECTION ( 'NONE',  ( 1.000000000000000000, 0.000000000000000000, 0.000000000000000000 ) ) ;
#650 = ORIENTED_EDGE ( 'NONE', *, *, #1465, .T. ) ;
#651 = DIRECTION ( 'NONE',  ( 0.000000000000000000, -1.000000000000000000, 0.000000000000000000 ) ) ;
#652 = ORIENTED_EDGE ( 'NONE', *, *, #27, .T. ) ;
#653 = FACE_OUTER_BOUND ( 'NONE', #806, .T. ) ;
#654 = CARTESIAN_POINT ( 'NONE',  ( 35.00000000000000000, -25.30000000000000071, -37.50000000000000000 ) ) ;
#655 = DIRECTION ( 'NONE',  ( 0.000000000000000000, 1.000000000000000000, 0.000000000000000000 ) ) ;
#656 = ORIENTED_EDGE ( 'NONE', *, *, #699, .F. ) ;
#657 = DIRECTION ( 'NONE',  ( 0.000000000000000000, 0.000000000000000000, -1.000000000000000000 ) ) ;
#658 = LINE ( 'NONE', #1621, #2018 ) ;
#659 = ORIENTED_EDGE ( 'NONE', *, *, #179, .T. ) ;
#660 = FACE_OUTER_BOUND ( 'NONE', #1133, .T. ) ;
#661 = EDGE_LOOP ( 'NONE', ( #441, #147, #592, #28 ) ) ;
#662 = DIRECTION ( 'NONE',  ( -0.000000000000000000, 1.000000000000000000, -0.000000000000000000 ) ) ;
#663 = CARTESIAN_POINT ( 'NONE',  ( 54.65935606599799002, -25.80000000000000071, -45.00000000000000000 ) ) ;
#664 = CYLINDRICAL_SURFACE ( 'NONE', #1734, 2.000000000000000000 ) ;
#665 = AXIS2_PLACEMENT_3D ( 'NONE', #606, #1296, #1581 ) ;
#666 = VERTEX_POINT ( 'NONE', #1196 ) ;
#667 = EDGE_CURVE ( 'NONE', #270, #1082, #1204, .T. ) ;
#668 = CARTESIAN_POINT ( 'NONE',  ( 36.64952865010108951, -25.80000000000000071, -37.49419569149068110 ) ) ;
#669 = AXIS2_PLACEMENT_3D ( 'NONE', #913, #434, #781 ) ;
#670 = VECTOR ( 'NONE', #684, 1000.000000000000000 ) ;
#671 = CARTESIAN_POINT ( 'NONE',  ( 2.000000000000000000, -1.999999999999998224, -39.00000000000000000 ) ) ;
#672 = ORIENTED_EDGE ( 'NONE', *, *, #1918, .T. ) ;
#673 = AXIS2_PLACEMENT_3D ( 'NONE', #2134, #1963, #858 ) ;
#674 = AXIS2_PLACEMENT_3D ( 'NONE', #208, #1840, #1200 ) ;
#675 = ORIENTED_EDGE ( 'NONE', *, *, #1103, .T. ) ;
#676 = DIRECTION ( 'NONE',  ( 0.000000000000000000, 0.000000000000000000, -1.000000000000000000 ) ) ;
#677 = VECTOR ( 'NONE', #625, 1000.000000000000000 ) ;
#678 = DIRECTION ( 'NONE',  ( 0.000000000000000000, -1.000000000000000000, 0.000000000000000000 ) ) ;
#679 = CARTESIAN_POINT ( 'NONE',  ( 36.72402717759050716, -25.80000000000000071, -3.000000000000000000 ) ) ;
#680 = EDGE_CURVE ( 'NONE', #1328, #1165, #1980, .T. ) ;
#681 = CIRCLE ( 'NONE', #774, 2.000000000000001776 ) ;
#682 = ORIENTED_EDGE ( 'NONE', *, *, #1750, .T. ) ;
#683 = CARTESIAN_POINT ( 'NONE',  ( 0.000000000000000000, -1.999999999999998224, -39.00000000000000000 ) ) ;
#684 = DIRECTION ( 'NONE',  ( 0.000000000000000000, -1.000000000000000000, 0.000000000000000000 ) ) ;
#685 = ORIENTED_EDGE ( 'NONE', *, *, #209, .F. ) ;
#686 = ORIENTED_EDGE ( 'NONE', *, *, #756, .T. ) ;
#687 = VERTEX_POINT ( 'NONE', #1041 ) ;
#688 = CARTESIAN_POINT ( 'NONE',  ( 35.55233963227205152, -24.44670199595968896, -44.89710666998526989 ) ) ;
#689 = DIRECTION ( 'NONE',  ( 0.000000000000000000, 0.000000000000000000, -1.000000000000000000 ) ) ;
#690 = CARTESIAN_POINT ( 'NONE',  ( 3.000000000000000000, -1.999999999999998224, 0.000000000000000000 ) ) ;
#691 = ORIENTED_EDGE ( 'NONE', *, *, #1387, .T. ) ;
#692 = CARTESIAN_POINT ( 'NONE',  ( 35.00000000000000000, -25.30000000000000071, -40.00000000000000000 ) ) ;
#693 = EDGE_LOOP ( 'NONE', ( #1019, #1767, #1893, #255 ) ) ;
#694 = ORIENTED_EDGE ( 'NONE', *, *, #2076, .T. ) ;
#695 = CARTESIAN_POINT ( 'NONE',  ( 35.50795220401852959, -25.02151804315514738, -44.58902863179903875 ) ) ;
#696 = DIRECTION ( 'NONE',  ( -0.9834702342822375654, 0.000000000000000000, -0.1810698712675324062 ) ) ;
#697 = DIRECTION ( 'NONE',  ( -0.000000000000000000, 1.000000000000000000, -0.000000000000000000 ) ) ;
#698 = EDGE_LOOP ( 'NONE', ( #948, #1404, #1051, #1269 ) ) ;
#699 = EDGE_CURVE ( 'NONE', #1354, #953, #1054, .T. ) ;
#700 = EDGE_CURVE ( 'NONE', #1515, #1823, #276, .T. ) ;
#701 = CARTESIAN_POINT ( 'NONE',  ( 39.72031608582759787, -23.80000000000000071, -3.149173651745800218 ) ) ;
#702 = CARTESIAN_POINT ( 'NONE',  ( 5.000000000000000000, -0.5000000000000000000, -5.000000000000000000 ) ) ;
#703 = DIRECTION ( 'NONE',  ( -0.000000000000000000, -0.000000000000000000, -1.000000000000000000 ) ) ;
#704 = AXIS2_PLACEMENT_3D ( 'NONE', #1881, #1670, #882 ) ;
#705 = EDGE_CURVE ( 'NONE', #666, #1888, #527, .T. ) ;
#706 = ORIENTED_EDGE ( 'NONE', *, *, #474, .T. ) ;
#707 = VECTOR ( 'NONE', #233, 1000.000000000000000 ) ;
#708 = ORIENTED_EDGE ( 'NONE', *, *, #648, .T. ) ;
#709 = DIRECTION ( 'NONE',  ( 0.000000000000000000, 0.000000000000000000, -1.000000000000000000 ) ) ;
#710 = CIRCLE ( 'NONE', #221, 2.499999999999998668 ) ;
#711 = ADVANCED_FACE ( 'NONE', ( #1545 ), #928, .T. ) ;
#712 = FACE_OUTER_BOUND ( 'NONE', #698, .T. ) ;
#713 = FACE_OUTER_BOUND ( 'NONE', #561, .T. ) ;
#714 = CIRCLE ( 'NONE', #974, 1.000000000000000888 ) ;
#715 = ORIENTED_EDGE ( 'NONE', *, *, #1514, .T. ) ;
#716 = DIRECTION ( 'NONE',  ( -0.000000000000000000, 1.000000000000000000, -0.000000000000000000 ) ) ;
#717 = CARTESIAN_POINT ( 'NONE',  ( 22.05000000000000426, -12.90000000000000036, -9.001250782228094494 ) ) ;
#718 = ADVANCED_FACE ( 'NONE', ( #24 ), #1024, .F. ) ;
#719 = FACE_OUTER_BOUND ( 'NONE', #1171, .T. ) ;
#720 = FACE_OUTER_BOUND ( 'NONE', #2052, .T. ) ;
#721 = DIRECTION ( 'NONE',  ( -0.1695849156542821035, -1.875006652311336226E-14, -0.9855155789649040488 ) ) ;
#722 = DIRECTION ( 'NONE',  ( 8.861002342393672782E-15, 0.000000000000000000, -1.000000000000000000 ) ) ;
#723 = CARTESIAN_POINT ( 'NONE',  ( 35.90534935633930047, -1.999999999999998224, -44.91735117140279954 ) ) ;
#724 = FACE_OUTER_BOUND ( 'NONE', #194, .T. ) ;
#725 = DIRECTION ( 'NONE',  ( 0.000000000000000000, 0.000000000000000000, -1.000000000000000000 ) ) ;
#726 = EDGE_CURVE ( 'NONE', #1354, #1958, #452, .T. ) ;
#727 = ADVANCED_FACE ( 'NONE', ( #1914 ), #1061, .T. ) ;
#728 = CARTESIAN_POINT ( 'NONE',  ( 35.00000000000000000, -0.5000000000000000000, -5.000000000000000000 ) ) ;
#729 = CARTESIAN_POINT ( 'NONE',  ( 5.000000000000000000, -25.30000000000000071, -7.000000000000000000 ) ) ;
#730 = DIRECTION ( 'NONE',  ( 1.000000000000000000, 0.000000000000000000, -1.224646799147353207E-16 ) ) ;
#731 = ORIENTED_EDGE ( 'NONE', *, *, #1020, .T. ) ;
#732 = LINE ( 'NONE', #371, #1181 ) ;
#733 = APPROVAL_DATE_TIME ( #1712, #418 ) ;
#734 = ADVANCED_FACE ( 'NONE', ( #1723 ), #2051, .T. ) ;
#735 = AXIS2_PLACEMENT_3D ( 'NONE', #1538, #1364, #230 ) ;
#736 = EDGE_LOOP ( 'NONE', ( #1851, #999, #395, #847 ) ) ;
#737 = CARTESIAN_POINT ( 'NONE',  ( 2.000000000000000000, -25.80000000000000426, -39.00000000000000000 ) ) ;
#738 = AXIS2_PLACEMENT_3D ( 'NONE', #213, #1518, #861 ) ;
#739 = CIRCLE ( 'NONE', #1733, 2.000000000000000000 ) ;
#740 = DIRECTION ( 'NONE',  ( -0.000000000000000000, 1.000000000000000000, -0.000000000000000000 ) ) ;
#741 = CIRCLE ( 'NONE', #185, 1.000000000000000888 ) ;
#742 = VERTEX_POINT ( 'NONE', #480 ) ;
#743 = CARTESIAN_POINT ( 'NONE',  ( 21.05000000000000782, -12.90000000000000036, -9.001250782228094494 ) ) ;
#744 = COORDINATED_UNIVERSAL_TIME_OFFSET ( 3, 0, .AHEAD. ) ;
#745 = AXIS2_PLACEMENT_3D ( 'NONE', #951, #1895, #78 ) ;
#746 = CARTESIAN_POINT ( 'NONE',  ( 3.000000000000000000, -1.999999999999998224, -3.000000000000000000 ) ) ;
#747 = DIRECTION ( 'NONE',  ( 0.000000000000000000, 0.000000000000000000, -1.000000000000000000 ) ) ;
#748 = VERTEX_POINT ( 'NONE', #997 ) ;
#749 = CARTESIAN_POINT ( 'NONE',  ( 36.72402717759050716, -6.938893903907229955E-15, 0.000000000000000000 ) ) ;
#750 = DIRECTION ( 'NONE',  ( 1.000000000000000000, 0.000000000000000000, 0.000000000000000000 ) ) ;
#751 = ORIENTED_EDGE ( 'NONE', *, *, #321, .F. ) ;
#752 = DIRECTION ( 'NONE',  ( 0.000000000000000000, 0.000000000000000000, -1.000000000000000000 ) ) ;
#753 = DIRECTION ( 'NONE',  ( -0.000000000000000000, -0.000000000000000000, -1.000000000000000000 ) ) ;
#754 = VERTEX_POINT ( 'NONE', #987 ) ;
#755 = CYLINDRICAL_SURFACE ( 'NONE', #1185, 3.449999999999998401 ) ;
#756 = EDGE_CURVE ( 'NONE', #542, #807, #1938, .T. ) ;
#757 = ADVANCED_FACE ( 'NONE', ( #190 ), #1472, .F. ) ;
#758 = CARTESIAN_POINT ( 'NONE',  ( 0.000000000000000000, -25.80000000000000071, -62.88949999999999818 ) ) ;
#759 = ORIENTED_EDGE ( 'NONE', *, *, #1757, .T. ) ;
#760 = DIRECTION ( 'NONE',  ( 0.000000000000000000, -1.000000000000000000, 0.000000000000000000 ) ) ;
#761 = ORIENTED_EDGE ( 'NONE', *, *, #648, .F. ) ;
#762 = AXIS2_PLACEMENT_3D ( 'NONE', #777, #1432, #2105 ) ;
#763 = CARTESIAN_POINT ( 'NONE',  ( 2.000000000000000000, -25.80000000000000071, -39.00000000000000000 ) ) ;
#764 = TOROIDAL_SURFACE ( 'NONE', #738, 5.000000000000000000, 2.000000000000000000 ) ;
#765 = DIRECTION ( 'NONE',  ( 0.000000000000000000, 0.000000000000000000, 1.000000000000000000 ) ) ;
#766 = DIRECTION ( 'NONE',  ( 0.000000000000000000, -1.000000000000000000, 0.000000000000000000 ) ) ;
#767 = VECTOR ( 'NONE', #2066, 1000.000000000000000 ) ;
#768 = CIRCLE ( 'NONE', #1843, 5.999999999999998224 ) ;
#769 = EDGE_CURVE ( 'NONE', #1749, #1598, #590, .T. ) ;
#770 = EDGE_CURVE ( 'NONE', #1856, #1395, #1351, .T. ) ;
#771 = DIRECTION ( 'NONE',  ( 0.000000000000000000, 0.000000000000000000, -1.000000000000000000 ) ) ;
#772 = ORIENTED_EDGE ( 'NONE', *, *, #1068, .T. ) ;
#773 = DIRECTION ( 'NONE',  ( 0.000000000000000000, 1.000000000000000000, 0.000000000000000000 ) ) ;
#774 = AXIS2_PLACEMENT_3D ( 'NONE', #1180, #483, #1957 ) ;
#775 = ORIENTED_EDGE ( 'NONE', *, *, #919, .T. ) ;
#776 = CARTESIAN_POINT ( 'NONE',  ( 0.000000000000000000, -1.999999999999998224, -3.000000000000000000 ) ) ;
#777 = CARTESIAN_POINT ( 'NONE',  ( 5.000000000000000000, -25.30000000000000071, -5.000000000000000000 ) ) ;
#778 = DIRECTION ( 'NONE',  ( 0.000000000000000000, 0.000000000000000000, -1.000000000000000000 ) ) ;
#779 = PERSON_AND_ORGANIZATION ( #1934, #402 ) ;
#780 = ORIENTED_EDGE ( 'NONE', *, *, #946, .F. ) ;
#781 = DIRECTION ( 'NONE',  ( -0.1810698712675156419, 0.000000000000000000, 0.9834702342822406740 ) ) ;
#782 = VERTEX_POINT ( 'NONE', #10 ) ;
#783 = DIRECTION ( 'NONE',  ( -0.000000000000000000, 1.000000000000000000, -0.000000000000000000 ) ) ;
#784 = ADVANCED_FACE ( 'NONE', ( #1326 ), #1145, .F. ) ;
#785 = VERTEX_POINT ( 'NONE', #668 ) ;
#786 = DIRECTION ( 'NONE',  ( 0.000000000000000000, -1.000000000000000000, 0.000000000000000000 ) ) ;
#787 = FACE_OUTER_BOUND ( 'NONE', #547, .T. ) ;
#788 = ORIENTED_EDGE ( 'NONE', *, *, #640, .F. ) ;
#789 = LINE ( 'NONE', #2122, #1348 ) ;
#790 = ORIENTED_EDGE ( 'NONE', *, *, #1322, .T. ) ;
#791 = FACE_BOUND ( 'NONE', #1466, .T. ) ;
#792 = ORIENTED_EDGE ( 'NONE', *, *, #1981, .F. ) ;
#793 = CARTESIAN_POINT ( 'NONE',  ( 36.44855897014189594, -25.80000000000000071, -47.86776187424950280 ) ) ;
#794 = TOROIDAL_SURFACE ( 'NONE', #1308, 2.500000000000000000, 0.5000000000000000000 ) ;
#795 = CARTESIAN_POINT ( 'NONE',  ( 22.00000000000000711, -12.90000000000000036, -10.00000000000000178 ) ) ;
#796 = FACE_OUTER_BOUND ( 'NONE', #1299, .T. ) ;
#797 = AXIS2_PLACEMENT_3D ( 'NONE', #597, #108, #1646 ) ;
#798 = ORIENTED_EDGE ( 'NONE', *, *, #2043, .F. ) ;
#799 = CIRCLE ( 'NONE', #1215, 1.000000000000000888 ) ;
#800 = CC_DESIGN_PERSON_AND_ORGANIZATION_ASSIGNMENT ( #1088, #1758, ( #1017 ) ) ;
#801 = DIRECTION ( 'NONE',  ( -1.000000000000000000, -0.000000000000000000, -0.000000000000000000 ) ) ;
#802 = CARTESIAN_POINT ( 'NONE',  ( 1.999999999999943601, 0.000000000000000000, -26.21866189143222314 ) ) ;
#803 = AXIS2_PLACEMENT_3D ( 'NONE', #1484, #1793, #1307 ) ;
#804 = EDGE_LOOP ( 'NONE', ( #1816, #614, #1576, #1916 ) ) ;
#805 = LINE ( 'NONE', #1638, #363 ) ;
#806 = EDGE_LOOP ( 'NONE', ( #1710, #1708, #287, #87 ) ) ;
#807 = VERTEX_POINT ( 'NONE', #310 ) ;
#808 = CARTESIAN_POINT ( 'NONE',  ( 29.95000000000000284, -12.90000000000000036, 0.000000000000000000 ) ) ;
#809 = AXIS2_PLACEMENT_3D ( 'NONE', #2112, #1966, #459 ) ;
#810 = DIRECTION ( 'NONE',  ( -1.000000000000000000, 0.000000000000000000, 0.000000000000000000 ) ) ;
#811 = DIRECTION ( 'NONE',  ( -4.336808689942017736E-16, 1.000000000000000000, 0.000000000000000000 ) ) ;
#812 = ORIENTED_EDGE ( 'NONE', *, *, #1755, .F. ) ;
#813 = EDGE_CURVE ( 'NONE', #1639, #1696, #327, .T. ) ;
#814 = CARTESIAN_POINT ( 'NONE',  ( 3.000000000000000000, -25.80000000000000071, -2.000000000000000000 ) ) ;
#815 = CARTESIAN_POINT ( 'NONE',  ( 23.50000000000000000, -8.399999999999998579, -40.00000000000000000 ) ) ;
#816 = VERTEX_POINT ( 'NONE', #814 ) ;
#817 = CARTESIAN_POINT ( 'NONE',  ( 17.39900000000000091, -25.80000000000000071, -64.88949999999999818 ) ) ;
#818 = ORIENTED_EDGE ( 'NONE', *, *, #2076, .F. ) ;
#819 = ORIENTED_EDGE ( 'NONE', *, *, #1750, .F. ) ;
#820 = DIRECTION ( 'NONE',  ( 0.000000000000000000, -1.000000000000000000, 0.000000000000000000 ) ) ;
#821 = EDGE_CURVE ( 'NONE', #1491, #1170, #2021, .T. ) ;
#822 = DIRECTION ( 'NONE',  ( 0.000000000000000000, -1.000000000000000000, 0.000000000000000000 ) ) ;
#823 = PLANE ( 'NONE',  #900 ) ;
#824 = EDGE_LOOP ( 'NONE', ( #134, #615, #1426, #2072 ) ) ;
#825 = CARTESIAN_POINT ( 'NONE',  ( 2.350000000000001865, -25.80000000000000071, -37.88532855810083078 ) ) ;
#826 = DIRECTION ( 'NONE',  ( 0.000000000000000000, -1.000000000000000000, 0.000000000000000000 ) ) ;
#827 = ORIENTED_EDGE ( 'NONE', *, *, #1323, .T. ) ;
#828 = EDGE_LOOP ( 'NONE', ( #1824, #1474, #1317, #38 ) ) ;
#829 = CARTESIAN_POINT ( 'NONE',  ( 35.45819085951339389, -0.3998193821702945572, -44.22772628927960881 ) ) ;
#830 = DIRECTION ( 'NONE',  ( 0.000000000000000000, -1.000000000000000000, 0.000000000000000000 ) ) ;
#831 = AXIS2_PLACEMENT_3D ( 'NONE', #322, #20, #981 ) ;
#832 = VERTEX_POINT ( 'NONE', #683 ) ;
#833 = DIRECTION ( 'NONE',  ( -0.000000000000000000, -0.000000000000000000, 1.000000000000000000 ) ) ;
#834 = AXIS2_PLACEMENT_3D ( 'NONE', #68, #1394, #1402 ) ;
#835 = CIRCLE ( 'NONE', #1007, 2.499999999999999556 ) ;
#836 = DIRECTION ( 'NONE',  ( -1.000000000000000000, 0.000000000000000000, 0.000000000000000000 ) ) ;
#837 = VERTEX_POINT ( 'NONE', #1168 ) ;
#838 = VECTOR ( 'NONE', #2020, 1000.000000000000000 ) ;
#839 = AXIS2_PLACEMENT_3D ( 'NONE', #187, #153, #811 ) ;
#840 = EDGE_LOOP ( 'NONE', ( #1434, #143, #1340, #1625 ) ) ;
#841 = ORIENTED_EDGE ( 'NONE', *, *, #700, .F. ) ;
#842 = CARTESIAN_POINT ( 'NONE',  ( 35.56768336450795687, -23.93260111767865084, -45.00000000000000711 ) ) ;
#843 = TOROIDAL_SURFACE ( 'NONE', #499, 2.500000000000000000, 0.5000000000000000000 ) ;
#844 = LINE ( 'NONE', #1819, #1875 ) ;
#845 = AXIS2_PLACEMENT_3D ( 'NONE', #1397, #1083, #256 ) ;
#846 = DIRECTION ( 'NONE',  ( 0.000000000000000000, 0.000000000000000000, -1.000000000000000000 ) ) ;
#847 = ORIENTED_EDGE ( 'NONE', *, *, #1203, .F. ) ;
#848 = DIRECTION ( 'NONE',  ( -0.9995503035223668453, 0.000000000000000000, -0.02998650910567100120 ) ) ;
#849 = FACE_OUTER_BOUND ( 'NONE', #661, .T. ) ;
#850 = ORIENTED_EDGE ( 'NONE', *, *, #821, .F. ) ;
#851 = ORIENTED_EDGE ( 'NONE', *, *, #1103, .F. ) ;
#852 = CARTESIAN_POINT ( 'NONE',  ( 24.50000000000000000, -8.399999999999998579, -40.00000000000000000 ) ) ;
#853 = ADVANCED_FACE ( 'NONE', ( #1300 ), #897, .T. ) ;
#854 = EDGE_CURVE ( 'NONE', #624, #171, #1973, .T. ) ;
#855 = CARTESIAN_POINT ( 'NONE',  ( 35.00000000000000000, 0.000000000000000000, -40.00000000000000000 ) ) ;
#856 = CARTESIAN_POINT ( 'NONE',  ( 3.000000000000000000, -19.89999999999999858, -3.000000000000000000 ) ) ;
#857 = ORIENTED_EDGE ( 'NONE', *, *, #947, .T. ) ;
#858 = DIRECTION ( 'NONE',  ( 0.000000000000000000, 0.000000000000000000, -1.000000000000000000 ) ) ;
#859 = EDGE_CURVE ( 'NONE', #1121, #330, #2010, .T. ) ;
#860 = DIRECTION ( 'NONE',  ( 0.000000000000000000, -1.000000000000000000, 0.000000000000000000 ) ) ;
#861 = DIRECTION ( 'NONE',  ( 0.000000000000000000, 0.000000000000000000, -1.000000000000000000 ) ) ;
#862 = ADVANCED_FACE ( 'NONE', ( #336 ), #1830, .F. ) ;
#863 = ORIENTED_EDGE ( 'NONE', *, *, #1689, .T. ) ;
#864 = CARTESIAN_POINT ( 'NONE',  ( 35.45819085951338678, -25.40018061782970449, -44.22772628927960170 ) ) ;
#865 = FACE_BOUND ( 'NONE', #1501, .T. ) ;
#866 = LINE ( 'NONE', #43, #1495 ) ;
#867 = EDGE_CURVE ( 'NONE', #516, #1161, #1560, .T. ) ;
#868 = ORIENTED_EDGE ( 'NONE', *, *, #1361, .T. ) ;
#869 = DIRECTION ( 'NONE',  ( 1.000000000000000000, 0.000000000000000000, 0.000000000000000000 ) ) ;
#870 = APPROVAL_ROLE ( '' ) ;
#871 = CARTESIAN_POINT ( 'NONE',  ( 24.50000000000000355, -12.90000000000000036, -9.001250782228094494 ) ) ;
#872 = VECTOR ( 'NONE', #158, 1000.000000000000000 ) ;
#873 = AXIS2_PLACEMENT_3D ( 'NONE', #1550, #1894, #1526 ) ;
#874 = EDGE_LOOP ( 'NONE', ( #650, #1834, #1120, #1278 ) ) ;
#875 = DIRECTION ( 'NONE',  ( 0.000000000000000000, -1.000000000000000000, 0.000000000000000000 ) ) ;
#876 = VECTOR ( 'NONE', #420, 1000.000000000000000 ) ;
#877 = DIRECTION ( 'NONE',  ( -0.000000000000000000, -0.000000000000000000, -1.000000000000000000 ) ) ;
#878 = DIRECTION ( 'NONE',  ( 0.000000000000000000, 0.000000000000000000, -1.000000000000000000 ) ) ;
#879 = CARTESIAN_POINT ( 'NONE',  ( -207.4275757471450277, -23.80000000000000071, 9.155365287956488629 ) ) ;
#880 = DIRECTION ( 'NONE',  ( 0.000000000000000000, -1.000000000000000000, 0.000000000000000000 ) ) ;
#881 = COORDINATED_UNIVERSAL_TIME_OFFSET ( 3, 0, .AHEAD. ) ;
#882 = DIRECTION ( 'NONE',  ( 0.000000000000000000, 0.000000000000000000, 1.000000000000000000 ) ) ;
#883 = CARTESIAN_POINT ( 'NONE',  ( 35.36831766646596975, -25.74721918041787205, -43.52513614602148806 ) ) ;
#884 = DIRECTION ( 'NONE',  ( 1.000000000000000000, 0.000000000000000000, 0.000000000000000000 ) ) ;
#885 = CARTESIAN_POINT ( 'NONE',  ( 39.72031608582759787, -1.999999999999998224, -3.149173651745800218 ) ) ;
#886 = ORIENTED_EDGE ( 'NONE', *, *, #545, .F. ) ;
#887 = LINE ( 'NONE', #383, #707 ) ;
#888 = CARTESIAN_POINT ( 'NONE',  ( 35.00000000000000000, -25.80000000000000071, -40.00000000000000000 ) ) ;
#889 = CARTESIAN_POINT ( 'NONE',  ( 34.47116517210929487, -25.80000000000000071, -32.46993059905020118 ) ) ;
#890 = FACE_OUTER_BOUND ( 'NONE', #693, .T. ) ;
#891 = ORIENTED_EDGE ( 'NONE', *, *, #567, .T. ) ;
#892 = DIRECTION ( 'NONE',  ( 0.000000000000000000, 0.000000000000000000, 1.000000000000000000 ) ) ;
#893 = CARTESIAN_POINT ( 'NONE',  ( 1.900000000000001910, -0.002501564456192095776, -22.88532855810083433 ) ) ;
#894 = LINE ( 'NONE', #1563, #1219 ) ;
#895 = AXIS2_PLACEMENT_3D ( 'NONE', #2135, #1480, #505 ) ;
#896 = AXIS2_PLACEMENT_3D ( 'NONE', #1367, #2041, #557 ) ;
#897 = TOROIDAL_SURFACE ( 'NONE', #145, 2.500000000000000000, 0.5000000000000000000 ) ;
#898 = ORIENTED_EDGE ( 'NONE', *, *, #1323, .F. ) ;
#899 = CARTESIAN_POINT ( 'NONE',  ( 0.000000000000000000, -19.89999999999999858, -3.000000000000002665 ) ) ;
#900 = AXIS2_PLACEMENT_3D ( 'NONE', #1297, #2007, #1310 ) ;
#901 = ORIENTED_EDGE ( 'NONE', *, *, #1365, .F. ) ;
#902 = CARTESIAN_POINT ( 'NONE',  ( 1.900000000000001910, -25.79749843554382238, -22.88532855810083433 ) ) ;
#903 = CARTESIAN_POINT ( 'NONE',  ( 35.00000000000000000, -25.30000000000000071, -5.000000000000000000 ) ) ;
#904 = PRODUCT_DEFINITION_FORMATION_WITH_SPECIFIED_SOURCE ( 'ANY', '', #381, .NOT_KNOWN. ) ;
#905 = EDGE_LOOP ( 'NONE', ( #691, #569, #461, #429 ) ) ;
#906 = DIRECTION ( 'NONE',  ( -1.000000000000000000, 0.000000000000000000, -1.876684005424648042E-16 ) ) ;
#907 = EDGE_LOOP ( 'NONE', ( #2004, #975, #1600, #521 ) ) ;
#908 = CARTESIAN_POINT ( 'NONE',  ( 3.000000000000000000, -25.80000000000000071, -3.000000000000000000 ) ) ;
#909 = EDGE_CURVE ( 'NONE', #350, #1331, #424, .T. ) ;
#910 = EDGE_LOOP ( 'NONE', ( #9, #1774, #2005, #113 ) ) ;
#911 = CARTESIAN_POINT ( 'NONE',  ( 17.39900000000000091, 0.000000000000000000, -43.00000000000000000 ) ) ;
#912 = CALENDAR_DATE ( 2024, 5, 8 ) ;
#913 = CARTESIAN_POINT ( 'NONE',  ( 35.54320961380425814, -23.80000000000000071, -42.95041070283822648 ) ) ;
#914 = LINE ( 'NONE', #1751, #1847 ) ;
#915 = ORIENTED_EDGE ( 'NONE', *, *, #1455, .F. ) ;
#916 = DIRECTION ( 'NONE',  ( -0.1695849156543005887, 0.000000000000000000, -0.9855155789649008291 ) ) ;
#917 = LINE ( 'NONE', #617, #1805 ) ;
#918 = CARTESIAN_POINT ( 'NONE',  ( 37.74921441683400047, -23.80000000000000071, -35.82365948582349802 ) ) ;
#919 = EDGE_CURVE ( 'NONE', #1637, #1823, #1858, .T. ) ;
#920 = CARTESIAN_POINT ( 'NONE',  ( 0.000000000000000000, -23.80000000000000071, -3.000000000000000000 ) ) ;
#921 = EDGE_LOOP ( 'NONE', ( #1701, #1099, #210, #479 ) ) ;
#922 = DIRECTION ( 'NONE',  ( 0.000000000000000000, 0.000000000000000000, 1.000000000000000000 ) ) ;
#923 = CIRCLE ( 'NONE', #669, 1.999999999999998002 ) ;
#924 = ORIENTED_EDGE ( 'NONE', *, *, #2080, .T. ) ;
#925 = AXIS2_PLACEMENT_3D ( 'NONE', #1123, #786, #450 ) ;
#926 = ORIENTED_EDGE ( 'NONE', *, *, #500, .T. ) ;
#927 = PLANE ( 'NONE',  #1596 ) ;
#928 = TOROIDAL_SURFACE ( 'NONE', #1663, 2.500000000000000000, 0.5000000000000000000 ) ;
#929 = LINE ( 'NONE', #628, #106 ) ;
#930 = CARTESIAN_POINT ( 'NONE',  ( 39.39874306693379680, -1.999999999999998224, -33.31785517732169666 ) ) ;
#931 = CIRCLE ( 'NONE', #107, 1.000000000000000888 ) ;
#932 = TOROIDAL_SURFACE ( 'NONE', #1770, 3.000000000000000000, 2.000000000000000000 ) ;
#933 = ORIENTED_EDGE ( 'NONE', *, *, #2116, .T. ) ;
#934 = CIRCLE ( 'NONE', #285, 1.999999999999997113 ) ;
#935 = EDGE_CURVE ( 'NONE', #2000, #205, #1765, .T. ) ;
#936 = DIRECTION ( 'NONE',  ( 0.000000000000000000, 0.000000000000000000, 1.000000000000000000 ) ) ;
#937 = AXIS2_PLACEMENT_3D ( 'NONE', #267, #111, #1091 ) ;
#938 = ORIENTED_EDGE ( 'NONE', *, *, #1997, .T. ) ;
#939 = DIRECTION ( 'NONE',  ( 0.000000000000000000, -1.000000000000000000, 0.000000000000000000 ) ) ;
#940 = AXIS2_PLACEMENT_3D ( 'NONE', #315, #160, #1779 ) ;
#941 = EDGE_LOOP ( 'NONE', ( #1982, #751, #1498, #1640 ) ) ;
#942 = EDGE_LOOP ( 'NONE', ( #706, #780, #382, #1609 ) ) ;
#943 = FACE_OUTER_BOUND ( 'NONE', #1047, .T. ) ;
#944 = CARTESIAN_POINT ( 'NONE',  ( 17.39900000000000091, -2.000000000000000000, -2.000000000000001776 ) ) ;
#945 = CARTESIAN_POINT ( 'NONE',  ( 1.999999999999971800, 0.000000000000000000, -19.55199522476944196 ) ) ;
#946 = EDGE_CURVE ( 'NONE', #326, #270, #1628, .T. ) ;
#947 = EDGE_CURVE ( 'NONE', #687, #782, #578, .T. ) ;
#948 = ORIENTED_EDGE ( 'NONE', *, *, #1744, .F. ) ;
#949 = CARTESIAN_POINT ( 'NONE',  ( 35.00000000000000000, -0.5000000000000000000, -42.50000000000000000 ) ) ;
#950 = ORIENTED_EDGE ( 'NONE', *, *, #574, .F. ) ;
#951 = CARTESIAN_POINT ( 'NONE',  ( 2.000000000000000000, -1.999999999999998224, -62.88949999999999818 ) ) ;
#952 = EDGE_CURVE ( 'NONE', #1339, #990, #2125, .T. ) ;
#953 = VERTEX_POINT ( 'NONE', #701 ) ;
#954 = DIRECTION ( 'NONE',  ( 0.000000000000000000, 0.000000000000000000, -1.000000000000000000 ) ) ;
#955 = CARTESIAN_POINT ( 'NONE',  ( 23.49999999999999645, -17.39999999999999503, -45.00000000000000000 ) ) ;
#956 = LINE ( 'NONE', #137, #1110 ) ;
#957 = ORIENTED_EDGE ( 'NONE', *, *, #189, .T. ) ;
#958 = CARTESIAN_POINT ( 'NONE',  ( 19.05000000000000426, -12.90000000000000036, -2.000000000000000000 ) ) ;
#959 = VERTEX_POINT ( 'NONE', #1226 ) ;
#960 = DIRECTION ( 'NONE',  ( 0.000000000000000000, 0.000000000000000000, -1.000000000000000000 ) ) ;
#961 = ORIENTED_EDGE ( 'NONE', *, *, #1514, .F. ) ;
#962 = ORIENTED_EDGE ( 'NONE', *, *, #1298, .F. ) ;
#963 = CARTESIAN_POINT ( 'NONE',  ( 37.72279014700288258, -2.000000000000000000, -3.049724550581931926 ) ) ;
#964 = EDGE_CURVE ( 'NONE', #1598, #1778, #739, .T. ) ;
#965 = AXIS2_PLACEMENT_3D ( 'NONE', #1873, #1599, #389 ) ;
#966 = DIRECTION ( 'NONE',  ( -0.000000000000000000, 1.000000000000000000, -0.000000000000000000 ) ) ;
#967 = CARTESIAN_POINT ( 'NONE',  ( 24.50000000000000355, -12.90000000000000036, -2.000000000000000000 ) ) ;
#968 = CIRCLE ( 'NONE', #1487, 2.000000000000001776 ) ;
#969 = VERTEX_POINT ( 'NONE', #536 ) ;
#970 = CIRCLE ( 'NONE', #1942, 2.499999999999998668 ) ;
#971 = CARTESIAN_POINT ( 'NONE',  ( 6.000000000000000000, -25.80000000000000071, -39.00000000000000000 ) ) ;
#972 = AXIS2_PLACEMENT_3D ( 'NONE', #1643, #1478, #1796 ) ;
#973 = CYLINDRICAL_SURFACE ( 'NONE', #74, 3.449999999999998401 ) ;
#974 = AXIS2_PLACEMENT_3D ( 'NONE', #852, #1333, #29 ) ;
#975 = ORIENTED_EDGE ( 'NONE', *, *, #1250, .T. ) ;
#976 = CYLINDRICAL_SURFACE ( 'NONE', #745, 2.000000000000000000 ) ;
#977 = CIRCLE ( 'NONE', #1318, 2.000000000000000000 ) ;
#978 = EDGE_LOOP ( 'NONE', ( #1220, #1346, #1125, #14 ) ) ;
#979 = LINE ( 'NONE', #1295, #677 ) ;
#980 = TOROIDAL_SURFACE ( 'NONE', #51, 2.500000000000000000, 0.5000000000000000000 ) ;
#981 = DIRECTION ( 'NONE',  ( 0.000000000000000000, 0.000000000000000000, -1.000000000000000000 ) ) ;
#982 = EDGE_CURVE ( 'NONE', #1339, #542, #1108, .T. ) ;
#983 = CARTESIAN_POINT ( 'NONE',  ( 35.00000000000000000, -0.5000000000000000000, -7.000000000000000000 ) ) ;
#984 = EDGE_CURVE ( 'NONE', #488, #1940, #887, .T. ) ;
#985 = EDGE_CURVE ( 'NONE', #292, #1030, #1880, .T. ) ;
#986 = VERTEX_POINT ( 'NONE', #1039 ) ;
#987 = CARTESIAN_POINT ( 'NONE',  ( 0.000000000000000000, -23.80000000000000071, -39.00000000000000000 ) ) ;
#988 = EDGE_CURVE ( 'NONE', #1014, #2000, #732, .T. ) ;
#989 = DIRECTION ( 'NONE',  ( -1.000000000000000000, 0.000000000000000000, 0.000000000000000000 ) ) ;
#990 = VERTEX_POINT ( 'NONE', #1031 ) ;
#991 = ORIENTED_EDGE ( 'NONE', *, *, #1719, .F. ) ;
#992 = DIRECTION ( 'NONE',  ( -1.000000000000000000, 0.000000000000000000, 0.000000000000000000 ) ) ;
#993 = DIRECTION ( 'NONE',  ( 1.000000000000000000, 0.000000000000000000, -0.000000000000000000 ) ) ;
#994 = CARTESIAN_POINT ( 'NONE',  ( 35.00000000000000000, -0.5000000000000000000, -37.50000000000000000 ) ) ;
#995 = ORIENTED_EDGE ( 'NONE', *, *, #854, .F. ) ;
#996 = EDGE_CURVE ( 'NONE', #959, #1014, #799, .T. ) ;
#997 = CARTESIAN_POINT ( 'NONE',  ( 0.2500000000000000000, -5.899999999999996803, -40.71391365010025254 ) ) ;
#998 = LINE ( 'NONE', #1636, #41 ) ;
#999 = ORIENTED_EDGE ( 'NONE', *, *, #1660, .F. ) ;
#1000 = VERTEX_POINT ( 'NONE', #743 ) ;
#1001 = CARTESIAN_POINT ( 'NONE',  ( 25.50000000000000355, -8.399999999999998579, -45.00000000000000000 ) ) ;
#1002 = CARTESIAN_POINT ( 'NONE',  ( 5.000000000000000000, -25.30000000000000071, -5.000000000000000000 ) ) ;
#1003 = FACE_OUTER_BOUND ( 'NONE', #1692, .T. ) ;
#1004 = ORIENTED_EDGE ( 'NONE', *, *, #209, .T. ) ;
#1005 = CARTESIAN_POINT ( 'NONE',  ( 36.44855897014189594, -25.80000000000000071, -47.86776187424950280 ) ) ;
#1006 = TOROIDAL_SURFACE ( 'NONE', #1902, 245.4540000000000077, 2.000000000000000000 ) ;
#1007 = AXIS2_PLACEMENT_3D ( 'NONE', #88, #766, #593 ) ;
#1008 = DIRECTION ( 'NONE',  ( -0.000000000000000000, 1.000000000000000000, -0.000000000000000000 ) ) ;
#1009 = ORIENTED_EDGE ( 'NONE', *, *, #2013, .F. ) ;
#1010 = EDGE_CURVE ( 'NONE', #1429, #1358, #633, .T. ) ;
#1011 = CIRCLE ( 'NONE', #839, 2.000000000000000000 ) ;
#1012 = AXIS2_PLACEMENT_3D ( 'NONE', #793, #662, #1270 ) ;
#1013 = ORIENTED_EDGE ( 'NONE', *, *, #1231, .F. ) ;
#1014 = VERTEX_POINT ( 'NONE', #1391 ) ;
#1015 = CARTESIAN_POINT ( 'NONE',  ( 5.000000000000000000, -25.80000000000000071, -5.000000000000000000 ) ) ;
#1016 = DIRECTION ( 'NONE',  ( 0.000000000000000000, -1.000000000000000000, 0.000000000000000000 ) ) ;
#1017 = SECURITY_CLASSIFICATION ( '', '', #1786 ) ;
#1018 = DIRECTION ( 'NONE',  ( 0.000000000000000000, 0.000000000000000000, -1.000000000000000000 ) ) ;
#1019 = ORIENTED_EDGE ( 'NONE', *, *, #770, .T. ) ;
#1020 = EDGE_CURVE ( 'NONE', #175, #986, #970, .T. ) ;
#1021 = EDGE_CURVE ( 'NONE', #1856, #1161, #2024, .T. ) ;
#1022 = DIRECTION ( 'NONE',  ( 0.000000000000000000, 0.000000000000000000, -1.000000000000000000 ) ) ;
#1023 = DIRECTION ( 'NONE',  ( 0.000000000000000000, 0.000000000000000000, -1.000000000000000000 ) ) ;
#1024 = PLANE ( 'NONE',  #1213 ) ;
#1025 = ORIENTED_EDGE ( 'NONE', *, *, #1935, .F. ) ;
#1026 = ORIENTED_EDGE ( 'NONE', *, *, #540, .T. ) ;
#1027 = DIRECTION ( 'NONE',  ( -0.9995503035223668453, 0.000000000000000000, 0.02998650910567100120 ) ) ;
#1028 = FACE_OUTER_BOUND ( 'NONE', #619, .T. ) ;
#1029 = DIRECTION ( 'NONE',  ( 1.000000000000000000, 0.000000000000000000, 0.000000000000000000 ) ) ;
#1030 = VERTEX_POINT ( 'NONE', #723 ) ;
#1031 = CARTESIAN_POINT ( 'NONE',  ( 4.999999999999999112, 0.000000000000000000, -2.500000000000000000 ) ) ;
#1032 = DIRECTION ( 'NONE',  ( 8.933203262667074323E-15, 0.000000000000000000, -1.000000000000000000 ) ) ;
#1033 = DIRECTION ( 'NONE',  ( 0.000000000000000000, 0.000000000000000000, -1.000000000000000000 ) ) ;
#1034 = ORIENTED_EDGE ( 'NONE', *, *, #59, .F. ) ;
#1035 = CARTESIAN_POINT ( 'NONE',  ( 36.72402717759050716, 0.000000000000000000, -2.000000000000000000 ) ) ;
#1036 = CARTESIAN_POINT ( 'NONE',  ( 35.00000000000000000, 0.000000000000000000, -5.000000000000000000 ) ) ;
#1037 = DIRECTION ( 'NONE',  ( 0.000000000000000000, 0.000000000000000000, -1.000000000000000000 ) ) ;
#1038 = ORIENTED_EDGE ( 'NONE', *, *, #251, .F. ) ;
#1039 = CARTESIAN_POINT ( 'NONE',  ( 27.00000000000000355, -12.90000000000000036, -10.00000000000000178 ) ) ;
#1040 = CARTESIAN_POINT ( 'NONE',  ( -207.4275757471450277, 0.000000000000000000, 9.155365287956488629 ) ) ;
#1041 = CARTESIAN_POINT ( 'NONE',  ( 2.000000000000000000, 0.000000000000000000, -39.00000000000000000 ) ) ;
#1042 = AXIS2_PLACEMENT_3D ( 'NONE', #1860, #373, #1338 ) ;
#1043 = AXIS2_PLACEMENT_3D ( 'NONE', #618, #265, #1606 ) ;
#1044 = DIRECTION ( 'NONE',  ( 0.000000000000000000, 0.000000000000000000, 1.000000000000000000 ) ) ;
#1045 = TOROIDAL_SURFACE ( 'NONE', #2023, 2.500000000000000000, 0.5000000000000000000 ) ;
#1046 = LINE ( 'NONE', #2047, #1837 ) ;
#1047 = EDGE_LOOP ( 'NONE', ( #792, #1789, #365, #1177 ) ) ;
#1048 = FACE_OUTER_BOUND ( 'NONE', #1797, .T. ) ;
#1049 = CIRCLE ( 'NONE', #1533, 1.999999999999997113 ) ;
#1050 = CIRCLE ( 'NONE', #598, 3.000000000000002665 ) ;
#1051 = ORIENTED_EDGE ( 'NONE', *, *, #1457, .F. ) ;
#1052 = DIRECTION ( 'NONE',  ( 0.000000000000000000, -1.000000000000000000, 0.000000000000000000 ) ) ;
#1053 =( LENGTH_UNIT ( ) NAMED_UNIT ( * ) SI_UNIT ( .MILLI., .METRE. ) );
#1054 = LINE ( 'NONE', #1870, #670 ) ;
#1055 = EDGE_LOOP ( 'NONE', ( #1920, #1341, #1541, #16, #886, #75, #685, #1143 ) ) ;
#1056 = DIRECTION ( 'NONE',  ( 0.000000000000000000, -1.000000000000000000, 0.000000000000000000 ) ) ;
#1057 = DIRECTION ( 'NONE',  ( -1.876684005424647795E-16, 0.000000000000000000, 1.000000000000000000 ) ) ;
#1058 = ORIENTED_EDGE ( 'NONE', *, *, #19, .T. ) ;
#1059 = CYLINDRICAL_SURFACE ( 'NONE', #1144, 4.999999999999997335 ) ;
#1060 = EDGE_CURVE ( 'NONE', #1121, #748, #316, .T. ) ;
#1061 = CYLINDRICAL_SURFACE ( 'NONE', #834, 2.000000000000000000 ) ;
#1062 = CYLINDRICAL_SURFACE ( 'NONE', #2062, 5.999999999999998224 ) ;
#1063 = LINE ( 'NONE', #1726, #1883 ) ;
#1064 = ORIENTED_EDGE ( 'NONE', *, *, #613, .T. ) ;
#1065 = DIRECTION ( 'NONE',  ( 0.000000000000000000, 0.000000000000000000, -1.000000000000000000 ) ) ;
#1066 = PERSON_AND_ORGANIZATION_ROLE ( 'design_owner' ) ;
#1067 = AXIS2_PLACEMENT_3D ( 'NONE', #117, #464, #273 ) ;
#1068 = EDGE_CURVE ( 'NONE', #15, #1097, #416, .T. ) ;
#1069 = ADVANCED_FACE ( 'NONE', ( #2053 ), #1059, .T. ) ;
#1070 = DIRECTION ( 'NONE',  ( 0.000000000000000000, -1.000000000000000000, 0.000000000000000000 ) ) ;
#1071 = AXIS2_PLACEMENT_3D ( 'NONE', #671, #1799, #836 ) ;
#1072 = EDGE_CURVE ( 'NONE', #1082, #1958, #1728, .T. ) ;
#1073 = CYLINDRICAL_SURFACE ( 'NONE', #112, 2.499999999999998668 ) ;
#1074 = VECTOR ( 'NONE', #655, 1000.000000000000000 ) ;
#1075 = VERTEX_POINT ( 'NONE', #1274 ) ;
#1076 = CIRCLE ( 'NONE', #358, 3.000000000000002665 ) ;
#1077 = DIRECTION ( 'NONE',  ( 0.000000000000000000, 0.000000000000000000, -1.000000000000000000 ) ) ;
#1078 = VECTOR ( 'NONE', #1917, 1000.000000000000000 ) ;
#1079 = EDGE_CURVE ( 'NONE', #283, #15, #607, .T. ) ;
#1080 = AXIS2_PLACEMENT_3D ( 'NONE', #702, #651, #1623 ) ;
#1081 = CYLINDRICAL_SURFACE ( 'NONE', #560, 3.000000000000000000 ) ;
#1082 = VERTEX_POINT ( 'NONE', #103 ) ;
#1083 = DIRECTION ( 'NONE',  ( 0.000000000000000000, -1.000000000000000000, 0.000000000000000000 ) ) ;
#1084 = EDGE_CURVE ( 'NONE', #1358, #1162, #1984, .T. ) ;
#1085 = CARTESIAN_POINT ( 'NONE',  ( 5.000000000000000000, 0.000000000000000000, -5.000000000000000000 ) ) ;
#1086 = DIRECTION ( 'NONE',  ( -0.000000000000000000, 1.000000000000000000, -0.000000000000000000 ) ) ;
#1087 = DIRECTION ( 'NONE',  ( -0.000000000000000000, 1.000000000000000000, -0.000000000000000000 ) ) ;
#1088 = PERSON_AND_ORGANIZATION ( #1934, #402 ) ;
#1089 = FACE_OUTER_BOUND ( 'NONE', #413, .T. ) ;
#1090 = VERTEX_POINT ( 'NONE', #1756 ) ;
#1091 = DIRECTION ( 'NONE',  ( 0.000000000000000000, 0.000000000000000000, -1.000000000000000000 ) ) ;
#1092 = ORIENTED_EDGE ( 'NONE', *, *, #303, .T. ) ;
#1093 = DIRECTION ( 'NONE',  ( 0.000000000000000000, 0.000000000000000000, -1.000000000000000000 ) ) ;
#1094 = DIRECTION ( 'NONE',  ( -0.000000000000000000, 1.000000000000000000, -0.000000000000000000 ) ) ;
#1095 = LINE ( 'NONE', #274, #393 ) ;
#1096 = EDGE_CURVE ( 'NONE', #1014, #959, #931, .T. ) ;
#1097 = VERTEX_POINT ( 'NONE', #902 ) ;
#1098 = CARTESIAN_POINT ( 'NONE',  ( -207.4275757471450277, -25.80000000000000071, 9.155365287956488629 ) ) ;
#1099 = ORIENTED_EDGE ( 'NONE', *, *, #813, .T. ) ;
#1100 = PLANE ( 'NONE',  #401 ) ;
#1101 = AXIS2_PLACEMENT_3D ( 'NONE', #368, #1690, #1174 ) ;
#1102 = EDGE_CURVE ( 'NONE', #1000, #309, #1582, .T. ) ;
#1103 = EDGE_CURVE ( 'NONE', #807, #990, #835, .T. ) ;
#1104 = ORIENTED_EDGE ( 'NONE', *, *, #1471, .T. ) ;
#1105 = VECTOR ( 'NONE', #1147, 1000.000000000000000 ) ;
#1106 = ORIENTED_EDGE ( 'NONE', *, *, #909, .T. ) ;
#1107 = DIRECTION ( 'NONE',  ( 0.000000000000000000, 0.000000000000000000, -1.000000000000000000 ) ) ;
#1108 = CIRCLE ( 'NONE', #454, 2.000000000000000000 ) ;
#1109 = CARTESIAN_POINT ( 'NONE',  ( 36.64952865010175032, -23.80000000000000071, -37.49419569148990661 ) ) ;
#1110 = VECTOR ( 'NONE', #1828, 1000.000000000000000 ) ;
#1111 = AXIS2_PLACEMENT_3D ( 'NONE', #1677, #875, #1697 ) ;
#1112 = VERTEX_POINT ( 'NONE', #1245 ) ;
#1113 = ADVANCED_FACE ( 'NONE', ( #1923 ), #564, .T. ) ;
#1114 = AXIS2_PLACEMENT_3D ( 'NONE', #1835, #196, #1044 ) ;
#1115 = DIRECTION ( 'NONE',  ( 1.000000000000000000, 0.000000000000000000, -0.000000000000000000 ) ) ;
#1116 = AXIS2_PLACEMENT_3D ( 'NONE', #206, #229, #1355 ) ;
#1117 = VERTEX_POINT ( 'NONE', #918 ) ;
#1118 = DIRECTION ( 'NONE',  ( 0.000000000000000000, 0.000000000000000000, -1.000000000000000000 ) ) ;
#1119 = APPROVAL_PERSON_ORGANIZATION ( #224, #418, #870 ) ;
#1120 = ORIENTED_EDGE ( 'NONE', *, *, #179, .F. ) ;
#1121 = VERTEX_POINT ( 'NONE', #1911 ) ;
#1122 = CARTESIAN_POINT ( 'NONE',  ( 1.966649285089041355, -25.80000000000000782, -25.10697139440214087 ) ) ;
#1123 = CARTESIAN_POINT ( 'NONE',  ( 35.00000000000000000, -25.30000000000000071, -5.000000000000000000 ) ) ;
#1124 = CARTESIAN_POINT ( 'NONE',  ( 35.00000000000000000, 0.000000000000000000, -5.000000000000000000 ) ) ;
#1125 = ORIENTED_EDGE ( 'NONE', *, *, #152, .F. ) ;
#1126 = CARTESIAN_POINT ( 'NONE',  ( 36.44855897014189594, -1.999999999999998224, -47.86776187424950280 ) ) ;
#1127 = ORIENTED_EDGE ( 'NONE', *, *, #639, .F. ) ;
#1128 = LINE ( 'NONE', #1801, #228 ) ;
#1129 = EDGE_CURVE ( 'NONE', #1097, #2145, #1095, .T. ) ;
#1130 = EDGE_LOOP ( 'NONE', ( #1591, #1568, #1686, #39, #1481, #1979, #1659 ) ) ;
#1131 = CARTESIAN_POINT ( 'NONE',  ( 35.42874871782024826, -0.2514468955333803990, -44.00498385524627309 ) ) ;
#1132 = DIRECTION ( 'NONE',  ( 0.000000000000000000, 0.000000000000000000, -1.000000000000000000 ) ) ;
#1133 = EDGE_LOOP ( 'NONE', ( #71, #915, #1013, #850 ) ) ;
#1134 = LINE ( 'NONE', #313, #872 ) ;
#1135 = ORIENTED_EDGE ( 'NONE', *, *, #321, .T. ) ;
#1136 = DIRECTION ( 'NONE',  ( 0.000000000000000000, 0.000000000000000000, -1.000000000000000000 ) ) ;
#1137 = EDGE_CURVE ( 'NONE', #2065, #1888, #77, .T. ) ;
#1138 = VERTEX_POINT ( 'NONE', #118 ) ;
#1139 = DIRECTION ( 'NONE',  ( -0.9987629694123749680, 0.000000000000000000, 0.04972455058193505500 ) ) ;
#1140 = AXIS2_PLACEMENT_3D ( 'NONE', #1504, #1016, #1356 ) ;
#1141 = PLANE ( 'NONE',  #588 ) ;
#1142 = CARTESIAN_POINT ( 'NONE',  ( 23.49999999999999645, -17.39999999999999503, -40.00000000000000000 ) ) ;
#1143 = ORIENTED_EDGE ( 'NONE', *, *, #1371, .F. ) ;
#1144 = AXIS2_PLACEMENT_3D ( 'NONE', #1721, #240, #892 ) ;
#1145 = PLANE ( 'NONE',  #219 ) ;
#1146 = CIRCLE ( 'NONE', #7, 0.5000000000000004441 ) ;
#1147 = DIRECTION ( 'NONE',  ( 0.000000000000000000, 1.000000000000000000, 0.000000000000000000 ) ) ;
#1148 = AXIS2_PLACEMENT_3D ( 'NONE', #519, #1205, #709 ) ;
#1149 = EDGE_LOOP ( 'NONE', ( #1411, #65, #1666, #1483 ) ) ;
#1150 = ORIENTED_EDGE ( 'NONE', *, *, #195, .T. ) ;
#1151 = DIRECTION ( 'NONE',  ( -0.9987629694123749680, 0.000000000000000000, 0.04972455058193396560 ) ) ;
#1152 = LOCAL_TIME ( 14, 12, 10.00000000000000000, #466 ) ;
#1153 = CC_DESIGN_PERSON_AND_ORGANIZATION_ASSIGNMENT ( #1227, #1066, ( #381 ) ) ;
#1154 = ADVANCED_FACE ( 'NONE', ( #2073 ), #1493, .T. ) ;
#1155 = DIRECTION ( 'NONE',  ( 0.000000000000000000, -0.000000000000000000, 1.000000000000000000 ) ) ;
#1156 = DIRECTION ( 'NONE',  ( -1.000000000000000000, 0.000000000000000000, 0.000000000000000000 ) ) ;
#1157 = ORIENTED_EDGE ( 'NONE', *, *, #469, .T. ) ;
#1158 = DIRECTION ( 'NONE',  ( 0.000000000000000000, 0.000000000000000000, -1.000000000000000000 ) ) ;
#1159 = DIRECTION ( 'NONE',  ( 0.000000000000000000, 0.000000000000000000, -1.000000000000000000 ) ) ;
#1160 = EDGE_LOOP ( 'NONE', ( #1681, #334 ) ) ;
#1161 = VERTEX_POINT ( 'NONE', #1433 ) ;
#1162 = VERTEX_POINT ( 'NONE', #2106 ) ;
#1163 = CARTESIAN_POINT ( 'NONE',  ( 0.000000000000000000, -1.999999999999998224, -62.88949999999999818 ) ) ;
#1164 = DIRECTION ( 'NONE',  ( 1.000000000000000000, 0.000000000000000000, 0.000000000000000000 ) ) ;
#1165 = VERTEX_POINT ( 'NONE', #451 ) ;
#1166 = EDGE_CURVE ( 'NONE', #2145, #1637, #638, .T. ) ;
#1167 = EDGE_CURVE ( 'NONE', #1319, #1399, #127, .T. ) ;
#1168 = CARTESIAN_POINT ( 'NONE',  ( 0.000000000000000000, -19.89999999999999858, -38.99999999999999289 ) ) ;
#1169 = DIRECTION ( 'NONE',  ( 0.000000000000000000, -1.000000000000000000, 0.000000000000000000 ) ) ;
#1170 = VERTEX_POINT ( 'NONE', #1236 ) ;
#1171 = EDGE_LOOP ( 'NONE', ( #1946, #1235, #1534, #2127 ) ) ;
#1172 = DIRECTION ( 'NONE',  ( 0.000000000000000000, 0.000000000000000000, -1.000000000000000000 ) ) ;
#1173 = ADVANCED_FACE ( 'NONE', ( #787 ), #1045, .T. ) ;
#1174 = DIRECTION ( 'NONE',  ( 0.000000000000000000, 0.000000000000000000, -1.000000000000000000 ) ) ;
#1175 = DIRECTION ( 'NONE',  ( -0.000000000000000000, -0.000000000000000000, -1.000000000000000000 ) ) ;
#1176 = AXIS2_PLACEMENT_3D ( 'NONE', #1838, #822, #1998 ) ;
#1177 = ORIENTED_EDGE ( 'NONE', *, *, #1020, .F. ) ;
#1178 = DIRECTION ( 'NONE',  ( 0.000000000000000000, 0.000000000000000000, 1.000000000000000000 ) ) ;
#1179 = VECTOR ( 'NONE', #1008, 1000.000000000000000 ) ;
#1180 = CARTESIAN_POINT ( 'NONE',  ( 35.00000000000000000, -0.5000000000000000000, -40.00000000000000000 ) ) ;
#1181 = VECTOR ( 'NONE', #414, 1000.000000000000000 ) ;
#1182 = EDGE_CURVE ( 'NONE', #1339, #1331, #1739, .T. ) ;
#1183 = CARTESIAN_POINT ( 'NONE',  ( 2.000000000000000000, -1.999999999999998224, -3.000000000000000000 ) ) ;
#1184 = ORIENTED_EDGE ( 'NONE', *, *, #1084, .F. ) ;
#1185 = AXIS2_PLACEMENT_3D ( 'NONE', #1615, #1999, #1971 ) ;
#1186 = AXIS2_PLACEMENT_3D ( 'NONE', #1085, #1921, #1093 ) ;
#1187 = ORIENTED_EDGE ( 'NONE', *, *, #2055, .F. ) ;
#1188 = CC_DESIGN_DATE_AND_TIME_ASSIGNMENT ( #1401, #1557, ( #69 ) ) ;
#1189 = DIRECTION ( 'NONE',  ( -0.000000000000000000, -0.000000000000000000, -1.000000000000000000 ) ) ;
#1190 = AXIS2_PLACEMENT_3D ( 'NONE', #817, #202, #1023 ) ;
#1191 = DIRECTION ( 'NONE',  ( 0.000000000000000000, 0.000000000000000000, -1.000000000000000000 ) ) ;
#1192 = CARTESIAN_POINT ( 'NONE',  ( 5.999999999999998224, 0.000000000000000000, -43.00000000000000000 ) ) ;
#1193 = ORIENTED_EDGE ( 'NONE', *, *, #27, .F. ) ;
#1194 = DIRECTION ( 'NONE',  ( 1.000000000000000000, 0.000000000000000000, 0.000000000000000000 ) ) ;
#1195 = DIRECTION ( 'NONE',  ( 0.000000000000000000, 0.000000000000000000, 1.000000000000000000 ) ) ;
#1196 = CARTESIAN_POINT ( 'NONE',  ( 35.00000000000000000, -25.80000000000000071, -7.500000000000000000 ) ) ;
#1197 = ADVANCED_FACE ( 'NONE', ( #1573 ), #755, .F. ) ;
#1198 = EDGE_LOOP ( 'NONE', ( #1817, #1448, #470, #1759 ) ) ;
#1199 = DIRECTION ( 'NONE',  ( 0.000000000000000000, 1.000000000000000000, 0.000000000000000000 ) ) ;
#1200 = DIRECTION ( 'NONE',  ( -1.000000000000000000, 0.000000000000000000, 0.000000000000000000 ) ) ;
#1201 = ORIENTED_EDGE ( 'NONE', *, *, #1068, .F. ) ;
#1202 = DIRECTION ( 'NONE',  ( -0.000000000000000000, 1.000000000000000000, -0.000000000000000000 ) ) ;
#1203 = EDGE_CURVE ( 'NONE', #309, #1778, #1904, .T. ) ;
#1204 = LINE ( 'NONE', #49, #247 ) ;
#1205 = DIRECTION ( 'NONE',  ( 0.000000000000000000, -1.000000000000000000, 0.000000000000000000 ) ) ;
#1206 = DIRECTION ( 'NONE',  ( 0.000000000000000000, 1.000000000000000000, 0.000000000000000000 ) ) ;
#1207 = ADVANCED_FACE ( 'NONE', ( #1003 ), #932, .T. ) ;
#1208 = PLANE ( 'NONE',  #2057 ) ;
#1209 = CARTESIAN_POINT ( 'NONE',  ( 3.000000000000000000, 0.000000000000000000, -3.000000000000000000 ) ) ;
#1210 = CARTESIAN_POINT ( 'NONE',  ( 2.000000000000000000, 0.000000000000000000, -64.88949999999999818 ) ) ;
#1211 = CC_DESIGN_PERSON_AND_ORGANIZATION_ASSIGNMENT ( #1924, #1276, ( #904 ) ) ;
#1212 = CARTESIAN_POINT ( 'NONE',  ( 35.90534935633930047, -25.80000000000000071, -44.91735117140279954 ) ) ;
#1213 = AXIS2_PLACEMENT_3D ( 'NONE', #400, #12, #1714 ) ;
#1214 = AXIS2_PLACEMENT_3D ( 'NONE', #456, #1115, #1777 ) ;
#1215 = AXIS2_PLACEMENT_3D ( 'NONE', #1702, #76, #1194 ) ;
#1216 = CARTESIAN_POINT ( 'NONE',  ( 19.05000000000000426, -12.90000000000000213, 0.000000000000000000 ) ) ;
#1217 = VECTOR ( 'NONE', #260, 1000.000000000000000 ) ;
#1218 = LINE ( 'NONE', #1866, #838 ) ;
#1219 = VECTOR ( 'NONE', #83, 1000.000000000000000 ) ;
#1220 = ORIENTED_EDGE ( 'NONE', *, *, #769, .F. ) ;
#1221 = CARTESIAN_POINT ( 'NONE',  ( 1.966649285089001387, -25.80000000000000426, -20.66368572180085650 ) ) ;
#1222 = DIRECTION ( 'NONE',  ( 1.000000000000000000, 0.000000000000000000, -0.000000000000000000 ) ) ;
#1223 = DIRECTION ( 'NONE',  ( 1.000000000000000000, 0.000000000000000000, 0.000000000000000000 ) ) ;
#1224 = APPLICATION_CONTEXT ( 'configuration controlled 3d designs of mechanical parts and assemblies' ) ;
#1225 = ORIENTED_EDGE ( 'NONE', *, *, #602, .T. ) ;
#1226 = CARTESIAN_POINT ( 'NONE',  ( 23.49999999999999645, -17.39999999999999503, -40.00000000000000000 ) ) ;
#1227 = PERSON_AND_ORGANIZATION ( #1934, #402 ) ;
#1228 = EDGE_CURVE ( 'NONE', #326, #1579, #1820, .T. ) ;
#1229 = EDGE_CURVE ( 'NONE', #507, #1399, #1011, .T. ) ;
#1230 = ORIENTED_EDGE ( 'NONE', *, *, #1167, .T. ) ;
#1231 = EDGE_CURVE ( 'NONE', #1170, #171, #109, .T. ) ;
#1232 = DIRECTION ( 'NONE',  ( 0.000000000000000000, -1.000000000000000000, 0.000000000000000000 ) ) ;
#1233 = ADVANCED_FACE ( 'NONE', ( #1505 ), #823, .F. ) ;
#1234 = EDGE_CURVE ( 'NONE', #1925, #1685, #1417, .T. ) ;
#1235 = ORIENTED_EDGE ( 'NONE', *, *, #1365, .T. ) ;
#1236 = CARTESIAN_POINT ( 'NONE',  ( 5.999999999999998224, -25.80000000000000071, -43.00000000000000000 ) ) ;
#1237 = EDGE_CURVE ( 'NONE', #959, #205, #1783, .T. ) ;
#1238 = CIRCLE ( 'NONE', #1558, 2.500000000000002220 ) ;
#1239 = DIRECTION ( 'NONE',  ( -0.000000000000000000, 1.000000000000000000, -0.000000000000000000 ) ) ;
#1240 = VECTOR ( 'NONE', #57, 1000.000000000000000 ) ;
#1241 = CARTESIAN_POINT ( 'NONE',  ( 35.00000000000000000, 0.000000000000000000, -7.000000000000000000 ) ) ;
#1242 = CIRCLE ( 'NONE', #79, 5.999999999999998224 ) ;
#1243 = ORIENTED_EDGE ( 'NONE', *, *, #1129, .T. ) ;
#1244 = TOROIDAL_SURFACE ( 'NONE', #2091, 2.500000000000000000, 0.5000000000000000000 ) ;
#1245 = CARTESIAN_POINT ( 'NONE',  ( 35.00000000000000000, -25.80000000000000071, -2.500000000000000000 ) ) ;
#1246 = CIRCLE ( 'NONE', #359, 2.000000000000000000 ) ;
#1247 = LOCAL_TIME ( 14, 12, 10.00000000000000000, #1360 ) ;
#1248 = VERTEX_POINT ( 'NONE', #983 ) ;
#1249 = CARTESIAN_POINT ( 'NONE',  ( 6.000000000000000000, -25.80000000000000071, -39.00000000000000000 ) ) ;
#1250 = EDGE_CURVE ( 'NONE', #754, #326, #956, .T. ) ;
#1251 = VERTEX_POINT ( 'NONE', #690 ) ;
#1252 = CARTESIAN_POINT ( 'NONE',  ( 24.50000000000000355, -12.90000000000000036, -45.00099999999999767 ) ) ;
#1253 = DIRECTION ( 'NONE',  ( 0.000000000000000000, -1.000000000000000000, 0.000000000000000000 ) ) ;
#1254 = CARTESIAN_POINT ( 'NONE',  ( 2.000000000000000000, -25.80000000000000071, -39.00000000000000000 ) ) ;
#1255 = ORIENTED_EDGE ( 'NONE', *, *, #257, .F. ) ;
#1256 = ORIENTED_EDGE ( 'NONE', *, *, #478, .T. ) ;
#1257 = EDGE_LOOP ( 'NONE', ( #63, #529, #642, #788 ) ) ;
#1258 = DIRECTION ( 'NONE',  ( 0.000000000000000000, -1.000000000000000000, 0.000000000000000000 ) ) ;
#1259 = ADVANCED_FACE ( 'NONE', ( #1335 ), #344, .F. ) ;
#1260 = DIRECTION ( 'NONE',  ( 0.000000000000000000, -1.000000000000000000, 0.000000000000000000 ) ) ;
#1261 = CARTESIAN_POINT ( 'NONE',  ( 21.05000000000000782, -12.90000000000000036, -10.00000000000000000 ) ) ;
#1262 = PERSON_AND_ORGANIZATION_ROLE ( 'creator' ) ;
#1263 = ORIENTED_EDGE ( 'NONE', *, *, #1578, .F. ) ;
#1264 = VERTEX_POINT ( 'NONE', #164 ) ;
#1265 = FACE_BOUND ( 'NONE', #232, .T. ) ;
#1266 = VECTOR ( 'NONE', #1451, 1000.000000000000000 ) ;
#1267 = ORIENTED_EDGE ( 'NONE', *, *, #166, .F. ) ;
#1268 = AXIS2_PLACEMENT_3D ( 'NONE', #1798, #1507, #23 ) ;
#1269 = ORIENTED_EDGE ( 'NONE', *, *, #726, .F. ) ;
#1270 = DIRECTION ( 'NONE',  ( 0.000000000000000000, 0.000000000000000000, -1.000000000000000000 ) ) ;
#1271 = VECTOR ( 'NONE', #1494, 1000.000000000000000 ) ;
#1272 = CIRCLE ( 'NONE', #1561, 247.4540000000000077 ) ;
#1273 = FACE_OUTER_BOUND ( 'NONE', #840, .T. ) ;
#1274 = CARTESIAN_POINT ( 'NONE',  ( 36.72402717759050716, -25.80000000000000071, -2.000000000000000000 ) ) ;
#1275 = AXIS2_PLACEMENT_3D ( 'NONE', #55, #721, #1874 ) ;
#1276 = PERSON_AND_ORGANIZATION_ROLE ( 'design_supplier' ) ;
#1277 = AXIS2_PLACEMENT_3D ( 'NONE', #498, #1996, #676 ) ;
#1278 = ORIENTED_EDGE ( 'NONE', *, *, #1850, .F. ) ;
#1279 = TOROIDAL_SURFACE ( 'NONE', #845, 245.4540000000000077, 2.000000000000000000 ) ;
#1280 = FACE_OUTER_BOUND ( 'NONE', #1149, .T. ) ;
#1281 = ORIENTED_EDGE ( 'NONE', *, *, #599, .F. ) ;
#1282 = CYLINDRICAL_SURFACE ( 'NONE', #1321, 2.000000000000001776 ) ;
#1283 = ORIENTED_EDGE ( 'NONE', *, *, #985, .T. ) ;
#1284 = DIRECTION ( 'NONE',  ( -0.000000000000000000, -0.000000000000000000, -1.000000000000000000 ) ) ;
#1285 = CARTESIAN_POINT ( 'NONE',  ( 35.33657505122933173, 1.600892270310627049E-15, -43.26180430449792880 ) ) ;
#1286 = CARTESIAN_POINT ( 'NONE',  ( 35.30623925324869106, 0.000000000000000000, -43.00000000000000000 ) ) ;
#1287 = ORIENTED_EDGE ( 'NONE', *, *, #1482, .T. ) ;
#1288 = DIRECTION ( 'NONE',  ( 0.000000000000000000, 0.000000000000000000, -1.000000000000000000 ) ) ;
#1289 = ADVANCED_FACE ( 'NONE', ( #796 ), #664, .F. ) ;
#1290 = EDGE_CURVE ( 'NONE', #1639, #488, #741, .T. ) ;
#1291 = CARTESIAN_POINT ( 'NONE',  ( 36.44855897014189594, 0.000000000000000000, -47.86776187424950280 ) ) ;
#1292 = ORIENTED_EDGE ( 'NONE', *, *, #1072, .T. ) ;
#1293 = CARTESIAN_POINT ( 'NONE',  ( 5.000000000000000000, 0.000000000000000000, -5.000000000000000000 ) ) ;
#1294 = VERTEX_POINT ( 'NONE', #308 ) ;
#1295 = CARTESIAN_POINT ( 'NONE',  ( 36.44219633003910275, -25.80000000000000071, -32.80910043035879653 ) ) ;
#1296 = DIRECTION ( 'NONE',  ( 0.000000000000000000, -1.000000000000000000, -0.000000000000000000 ) ) ;
#1297 = CARTESIAN_POINT ( 'NONE',  ( 0.2500000000000000000, -19.89999999999999858, -122.3646703878650186 ) ) ;
#1298 = EDGE_CURVE ( 'NONE', #1395, #1555, #1146, .T. ) ;
#1299 = EDGE_LOOP ( 'NONE', ( #1509, #672, #1104, #1440 ) ) ;
#1300 = FACE_OUTER_BOUND ( 'NONE', #1337, .T. ) ;
#1301 = DIRECTION ( 'NONE',  ( 0.000000000000000000, 0.000000000000000000, -1.000000000000000000 ) ) ;
#1302 = ORIENTED_EDGE ( 'NONE', *, *, #1304, .F. ) ;
#1303 = DIRECTION ( 'NONE',  ( 0.000000000000000000, 0.000000000000000000, -1.000000000000000000 ) ) ;
#1304 = EDGE_CURVE ( 'NONE', #205, #2000, #1353, .T. ) ;
#1305 = EDGE_LOOP ( 'NONE', ( #1803, #1927, #512, #318 ) ) ;
#1306 = ORIENTED_EDGE ( 'NONE', *, *, #59, .T. ) ;
#1307 = DIRECTION ( 'NONE',  ( 1.000000000000000000, 0.000000000000000000, 0.000000000000000000 ) ) ;
#1308 = AXIS2_PLACEMENT_3D ( 'NONE', #1002, #186, #689 ) ;
#1309 = CARTESIAN_POINT ( 'NONE',  ( 35.52864896123818994, -0.9959103746662028023, -44.73462455497657686 ) ) ;
#1310 = DIRECTION ( 'NONE',  ( 0.000000000000000000, -0.000000000000000000, -1.000000000000000000 ) ) ;
#1311 = AXIS2_PLACEMENT_3D ( 'NONE', #142, #620, #1159 ) ;
#1312 = ORIENTED_EDGE ( 'NONE', *, *, #119, .F. ) ;
#1313 = VECTOR ( 'NONE', #1569, 1000.000000000000000 ) ;
#1314 = DIRECTION ( 'NONE',  ( -1.000000000000000000, 0.000000000000000000, -0.000000000000000000 ) ) ;
#1315 = DIRECTION ( 'NONE',  ( 1.224646799147353207E-16, 1.000000000000000000, -0.000000000000000000 ) ) ;
#1316 = CIRCLE ( 'NONE', #1564, 0.5000000000000000000 ) ;
#1317 = ORIENTED_EDGE ( 'NONE', *, *, #935, .T. ) ;
#1318 = AXIS2_PLACEMENT_3D ( 'NONE', #1897, #237, #922 ) ;
#1319 = VERTEX_POINT ( 'NONE', #1286 ) ;
#1320 = CYLINDRICAL_SURFACE ( 'NONE', #1277, 2.000000000000000000 ) ;
#1321 = AXIS2_PLACEMENT_3D ( 'NONE', #1790, #860, #1303 ) ;
#1322 = EDGE_CURVE ( 'NONE', #1644, #837, #1242, .T. ) ;
#1323 = EDGE_CURVE ( 'NONE', #1685, #1075, #1380, .T. ) ;
#1324 = CARTESIAN_POINT ( 'NONE',  ( 35.56571723798391815, -1.737052792118527922, -44.98694341658546136 ) ) ;
#1325 = ORIENTED_EDGE ( 'NONE', *, *, #91, .F. ) ;
#1326 = FACE_OUTER_BOUND ( 'NONE', #824, .T. ) ;
#1327 = LINE ( 'NONE', #1530, #1179 ) ;
#1328 = VERTEX_POINT ( 'NONE', #1855 ) ;
#1329 = ADVANCED_FACE ( 'NONE', ( #713 ), #1454, .T. ) ;
#1330 = EDGE_CURVE ( 'NONE', #183, #204, #396, .T. ) ;
#1331 = VERTEX_POINT ( 'NONE', #1385 ) ;
#1332 = ORIENTED_EDGE ( 'NONE', *, *, #412, .T. ) ;
#1333 = DIRECTION ( 'NONE',  ( 0.000000000000000000, 0.000000000000000000, -1.000000000000000000 ) ) ;
#1334 = CARTESIAN_POINT ( 'NONE',  ( 35.56768336450794976, -1.999999999999998224, -45.00000000000000000 ) ) ;
#1335 = FACE_OUTER_BOUND ( 'NONE', #1622, .T. ) ;
#1336 = EDGE_CURVE ( 'NONE', #1940, #1696, #634, .T. ) ;
#1337 = EDGE_LOOP ( 'NONE', ( #2089, #2136, #1187, #812 ) ) ;
#1338 = DIRECTION ( 'NONE',  ( 0.000000000000000000, 0.000000000000000000, -1.000000000000000000 ) ) ;
#1339 = VERTEX_POINT ( 'NONE', #357 ) ;
#1340 = ORIENTED_EDGE ( 'NONE', *, *, #1890, .F. ) ;
#1341 = ORIENTED_EDGE ( 'NONE', *, *, #946, .T. ) ;
#1342 = CARTESIAN_POINT ( 'NONE',  ( 35.52864896123818994, -24.80408962533379480, -44.73462455497658397 ) ) ;
#1343 = CARTESIAN_POINT ( 'NONE',  ( 35.56768336450794976, -1.867398882321362308, -45.00000000000002132 ) ) ;
#1344 = CARTESIAN_POINT ( 'NONE',  ( 36.44855897014189594, -23.80000000000000071, -47.86776187424950280 ) ) ;
#1345 = AXIS2_PLACEMENT_3D ( 'NONE', #404, #877, #544 ) ;
#1346 = ORIENTED_EDGE ( 'NONE', *, *, #523, .T. ) ;
#1347 = DIRECTION ( 'NONE',  ( 1.000000000000000000, 0.000000000000000000, -1.224646799147353207E-16 ) ) ;
#1348 = VECTOR ( 'NONE', #364, 1000.000000000000000 ) ;
#1349 = AXIS2_PLACEMENT_3D ( 'NONE', #1209, #1876, #1549 ) ;
#1350 = CARTESIAN_POINT ( 'NONE',  ( 39.39874306693379680, -1.999999999999998224, -33.31785517732169666 ) ) ;
#1351 = CIRCLE ( 'NONE', #1590, 2.000000000000001776 ) ;
#1352 = CARTESIAN_POINT ( 'NONE',  ( 0.2500000000000002220, -19.89999999999999858, -1.801042119171819555 ) ) ;
#1353 = CIRCLE ( 'NONE', #1810, 1.000000000000000888 ) ;
#1354 = VERTEX_POINT ( 'NONE', #885 ) ;
#1355 = DIRECTION ( 'NONE',  ( 0.000000000000000000, 0.000000000000000000, 1.000000000000000000 ) ) ;
#1356 = DIRECTION ( 'NONE',  ( 0.000000000000000000, 0.000000000000000000, -1.000000000000000000 ) ) ;
#1357 = CARTESIAN_POINT ( 'NONE',  ( 24.50000000000000000, -8.399999999999998579, -45.00000000000000000 ) ) ;
#1358 = VERTEX_POINT ( 'NONE', #73 ) ;
#1359 = CARTESIAN_POINT ( 'NONE',  ( 5.000000000000000000, -0.5000000000000000000, -2.500000000000000000 ) ) ;
#1360 = COORDINATED_UNIVERSAL_TIME_OFFSET ( 3, 0, .AHEAD. ) ;
#1361 = EDGE_CURVE ( 'NONE', #986, #175, #1766, .T. ) ;
#1362 = EDGE_CURVE ( 'NONE', #1372, #1752, #710, .T. ) ;
#1363 = FACE_OUTER_BOUND ( 'NONE', #804, .T. ) ;
#1364 = DIRECTION ( 'NONE',  ( -0.000000000000000000, -0.000000000000000000, -1.000000000000000000 ) ) ;
#1365 = EDGE_CURVE ( 'NONE', #1165, #1331, #282, .T. ) ;
#1366 = DIRECTION ( 'NONE',  ( 0.000000000000000000, 0.000000000000000000, -1.000000000000000000 ) ) ;
#1367 = CARTESIAN_POINT ( 'NONE',  ( 35.00000000000170530, -1.999999999999998224, -39.99999999999150191 ) ) ;
#1368 = CARTESIAN_POINT ( 'NONE',  ( 6.000000000000000000, -5.899999999999995914, -39.00000000000000000 ) ) ;
#1369 =( NAMED_UNIT ( * ) SI_UNIT ( $, .STERADIAN. ) SOLID_ANGLE_UNIT ( ) );
#1370 = DIRECTION ( 'NONE',  ( -0.000000000000000000, -0.000000000000000000, -1.000000000000000000 ) ) ;
#1371 = EDGE_CURVE ( 'NONE', #1579, #632, #426, .T. ) ;
#1372 = VERTEX_POINT ( 'NONE', #1522 ) ;
#1373 = CARTESIAN_POINT ( 'NONE',  ( 35.56768336450794976, -23.80000000000000071, -45.00000000000000000 ) ) ;
#1374 = DIRECTION ( 'NONE',  ( 0.000000000000000000, 0.000000000000000000, 1.000000000000000000 ) ) ;
#1375 = DIRECTION ( 'NONE',  ( 0.000000000000000000, 0.000000000000000000, -1.000000000000000000 ) ) ;
#1376 = ORIENTED_EDGE ( 'NONE', *, *, #223, .F. ) ;
#1377 = CALENDAR_DATE ( 2024, 5, 8 ) ;
#1378 = CIRCLE ( 'NONE', #1703, 1.000000000000000000 ) ;
#1379 = AXIS2_PLACEMENT_3D ( 'NONE', #46, #716, #1516 ) ;
#1380 = CIRCLE ( 'NONE', #1882, 1.000000000000000000 ) ;
#1381 = ORIENTED_EDGE ( 'NONE', *, *, #391, .T. ) ;
#1382 = FACE_OUTER_BOUND ( 'NONE', #329, .T. ) ;
#1383 = CIRCLE ( 'NONE', #457, 2.500000000000002220 ) ;
#1384 = ORIENTED_EDGE ( 'NONE', *, *, #1525, .T. ) ;
#1385 = CARTESIAN_POINT ( 'NONE',  ( 5.000000000000000000, -25.30000000000000071, -3.000000000000000000 ) ) ;
#1386 = CIRCLE ( 'NONE', #1635, 3.000000000000000000 ) ;
#1387 = EDGE_CURVE ( 'NONE', #2100, #1000, #570, .T. ) ;
#1388 = ADVANCED_FACE ( 'NONE', ( #890 ), #546, .F. ) ;
#1389 = TOROIDAL_SURFACE ( 'NONE', #289, 4.000000000000000000, 2.000000000000000000 ) ;
#1390 = EDGE_LOOP ( 'NONE', ( #458, #2081, #188, #1962 ) ) ;
#1391 = CARTESIAN_POINT ( 'NONE',  ( 25.50000000000000000, -17.39999999999999503, -40.00000000000000000 ) ) ;
#1392 = DIRECTION ( 'NONE',  ( 0.000000000000000000, -1.000000000000000000, 0.000000000000000000 ) ) ;
#1393 = AXIS2_PLACEMENT_3D ( 'NONE', #1040, #372, #1032 ) ;
#1394 = DIRECTION ( 'NONE',  ( -0.000000000000000000, 0.000000000000000000, 1.000000000000000000 ) ) ;
#1395 = VERTEX_POINT ( 'NONE', #199 ) ;
#1396 = EDGE_CURVE ( 'NONE', #2100, #1778, #866, .T. ) ;
#1397 = CARTESIAN_POINT ( 'NONE',  ( -207.4275757471450277, -1.999999999999998224, 9.155365287956488629 ) ) ;
#1398 = DIRECTION ( 'NONE',  ( 0.000000000000000000, -1.000000000000000000, 0.000000000000000000 ) ) ;
#1399 = VERTEX_POINT ( 'NONE', #1192 ) ;
#1400 = DIRECTION ( 'NONE',  ( 0.000000000000000000, -1.000000000000000000, 0.000000000000000000 ) ) ;
#1401 = DATE_AND_TIME ( #1377, #1247 ) ;
#1402 = DIRECTION ( 'NONE',  ( 1.000000000000000000, 0.000000000000000000, 0.000000000000000000 ) ) ;
#1403 = PRODUCT_RELATED_PRODUCT_CATEGORY ( 'detail', '', ( #381 ) ) ;
#1404 = ORIENTED_EDGE ( 'NONE', *, *, #540, .F. ) ;
#1405 = FACE_OUTER_BOUND ( 'NONE', #910, .T. ) ;
#1406 = FACE_BOUND ( 'NONE', #2008, .T. ) ;
#1407 = ORIENTED_EDGE ( 'NONE', *, *, #2108, .T. ) ;
#1408 = DIRECTION ( 'NONE',  ( 0.000000000000000000, 0.000000000000000000, -1.000000000000000000 ) ) ;
#1409 = CIRCLE ( 'NONE', #831, 2.000000000000000000 ) ;
#1410 = FACE_OUTER_BOUND ( 'NONE', #736, .T. ) ;
#1411 = ORIENTED_EDGE ( 'NONE', *, *, #1102, .F. ) ;
#1412 = CARTESIAN_POINT ( 'NONE',  ( 35.00000000000000000, -0.5000000000000000000, -42.00000000000000000 ) ) ;
#1413 = AXIS2_PLACEMENT_3D ( 'NONE', #1695, #1684, #1496 ) ;
#1414 = VECTOR ( 'NONE', #1408, 1000.000000000000000 ) ;
#1415 = ORIENTED_EDGE ( 'NONE', *, *, #26, .T. ) ;
#1416 = CARTESIAN_POINT ( 'NONE',  ( 24.49999999999999645, -17.39999999999999503, -40.00000000000000000 ) ) ;
#1417 = CIRCLE ( 'NONE', #45, 245.4540000000000077 ) ;
#1418 = DIRECTION ( 'NONE',  ( 1.000000000000000000, 0.000000000000000000, 0.000000000000000000 ) ) ;
#1419 = CIRCLE ( 'NONE', #1111, 1.000000000000000000 ) ;
#1420 = DIRECTION ( 'NONE',  ( 0.000000000000000000, 0.000000000000000000, -1.000000000000000000 ) ) ;
#1421 = APPROVAL_STATUS ( 'not_yet_approved' ) ;
#1422 = ORIENTED_EDGE ( 'NONE', *, *, #599, .T. ) ;
#1423 = DIRECTION ( 'NONE',  ( 0.000000000000000000, 0.000000000000000000, -1.000000000000000000 ) ) ;
#1424 = CC_DESIGN_APPROVAL ( #443, ( #1017 ) ) ;
#1425 = CARTESIAN_POINT ( 'NONE',  ( 24.50000000000000355, -12.90000000000000036, -2.000000000000000000 ) ) ;
#1426 = ORIENTED_EDGE ( 'NONE', *, *, #548, .T. ) ;
#1427 = DIRECTION ( 'NONE',  ( 0.000000000000000000, 0.000000000000000000, -1.000000000000000000 ) ) ;
#1428 = ORIENTED_EDGE ( 'NONE', *, *, #2043, .T. ) ;
#1429 = VERTEX_POINT ( 'NONE', #31 ) ;
#1430 = DIRECTION ( 'NONE',  ( 0.000000000000000000, 0.000000000000000000, -1.000000000000000000 ) ) ;
#1431 = EDGE_CURVE ( 'NONE', #837, #1579, #1218, .T. ) ;
#1432 = DIRECTION ( 'NONE',  ( 0.000000000000000000, -1.000000000000000000, 0.000000000000000000 ) ) ;
#1433 = CARTESIAN_POINT ( 'NONE',  ( 35.00000000000000000, -25.30000000000000071, -42.00000000000000000 ) ) ;
#1434 = ORIENTED_EDGE ( 'NONE', *, *, #1457, .T. ) ;
#1435 = EDGE_LOOP ( 'NONE', ( #1506, #1972, #610, #52, #1647, #503, #2123, #370 ) ) ;
#1436 = CARTESIAN_POINT ( 'NONE',  ( 27.95000000000000284, -12.90000000000000036, -9.001250782228094494 ) ) ;
#1437 = EDGE_CURVE ( 'NONE', #131, #15, #1698, .T. ) ;
#1438 = ORIENTED_EDGE ( 'NONE', *, *, #195, .F. ) ;
#1439 = CARTESIAN_POINT ( 'NONE',  ( 3.000000000000000000, -1.999999999999998224, -3.000000000000000000 ) ) ;
#1440 = ORIENTED_EDGE ( 'NONE', *, *, #2013, .T. ) ;
#1441 = DIRECTION ( 'NONE',  ( 0.000000000000000000, 0.000000000000000000, 1.000000000000000000 ) ) ;
#1442 = CIRCLE ( 'NONE', #665, 3.000000000000000000 ) ;
#1443 = ORIENTED_EDGE ( 'NONE', *, *, #1079, .F. ) ;
#1444 = CARTESIAN_POINT ( 'NONE',  ( 6.000000000000000000, -23.80000000000000071, -39.00000000000000000 ) ) ;
#1445 = AXIS2_PLACEMENT_3D ( 'NONE', #1707, #1762, #261 ) ;
#1446 = ORIENTED_EDGE ( 'NONE', *, *, #1850, .T. ) ;
#1447 = AXIS2_PLACEMENT_3D ( 'NONE', #1183, #1033, #1846 ) ;
#1448 = ORIENTED_EDGE ( 'NONE', *, *, #1757, .F. ) ;
#1449 = FACE_OUTER_BOUND ( 'NONE', #978, .T. ) ;
#1450 = AXIS2_PLACEMENT_3D ( 'NONE', #1359, #1347, #2036 ) ;
#1451 = DIRECTION ( 'NONE',  ( -0.000000000000000000, 1.000000000000000000, -0.000000000000000000 ) ) ;
#1452 = ADVANCED_FACE ( 'NONE', ( #1048 ), #1208, .T. ) ;
#1453 = DIRECTION ( 'NONE',  ( 1.000000000000000000, 0.000000000000000000, -1.224646799147353207E-16 ) ) ;
#1454 = TOROIDAL_SURFACE ( 'NONE', #146, 5.000000000000000000, 2.000000000000000000 ) ;
#1455 = EDGE_CURVE ( 'NONE', #171, #754, #768, .T. ) ;
#1456 = DATE_AND_TIME ( #912, #1152 ) ;
#1457 = EDGE_CURVE ( 'NONE', #1958, #1780, #1631, .T. ) ;
#1458 = CIRCLE ( 'NONE', #1907, 2.000000000000000000 ) ;
#1459 = ORIENTED_EDGE ( 'NONE', *, *, #341, .F. ) ;
#1460 = DIRECTION ( 'NONE',  ( 0.000000000000000000, 0.000000000000000000, 1.000000000000000000 ) ) ;
#1461 = VECTOR ( 'NONE', #1502, 1000.000000000000000 ) ;
#1462 = CARTESIAN_POINT ( 'NONE',  ( 1.900000000000001910, -0.002501564456192095776, -22.88532855810083433 ) ) ;
#1463 = AXIS2_PLACEMENT_3D ( 'NONE', #1293, #123, #1136 ) ;
#1464 = FACE_BOUND ( 'NONE', #1654, .T. ) ;
#1465 = EDGE_CURVE ( 'NONE', #1738, #1925, #455, .T. ) ;
#1466 = EDGE_LOOP ( 'NONE', ( #1863, #2022 ) ) ;
#1467 = DIRECTION ( 'NONE',  ( 1.000000000000000000, 0.000000000000000000, -1.224646799147353207E-16 ) ) ;
#1468 = DIRECTION ( 'NONE',  ( -0.5498428833664102955, 0.000000000000000000, -0.8352681028336422786 ) ) ;
#1469 = CARTESIAN_POINT ( 'NONE',  ( 0.000000000000000000, 0.000000000000000000, -3.000000000000000000 ) ) ;
#1470 = ORIENTED_EDGE ( 'NONE', *, *, #1437, .F. ) ;
#1471 = EDGE_CURVE ( 'NONE', #1248, #1888, #1709, .T. ) ;
#1472 = CYLINDRICAL_SURFACE ( 'NONE', #1804, 2.499999999999998668 ) ;
#1473 = FACE_OUTER_BOUND ( 'NONE', #1867, .T. ) ;
#1474 = ORIENTED_EDGE ( 'NONE', *, *, #988, .T. ) ;
#1475 = FACE_OUTER_BOUND ( 'NONE', #446, .T. ) ;
#1476 = FACE_OUTER_BOUND ( 'NONE', #2015, .T. ) ;
#1477 = CARTESIAN_POINT ( 'NONE',  ( 35.55233963227204441, -1.353298004040312863, -44.89710666998526989 ) ) ;
#1478 = DIRECTION ( 'NONE',  ( 0.000000000000000000, -1.000000000000000000, 0.000000000000000000 ) ) ;
#1479 = ORIENTED_EDGE ( 'NONE', *, *, #952, .F. ) ;
#1480 = DIRECTION ( 'NONE',  ( -1.000000000000000000, 0.000000000000000000, 0.000000000000000000 ) ) ;
#1481 = ORIENTED_EDGE ( 'NONE', *, *, #700, .T. ) ;
#1482 = EDGE_CURVE ( 'NONE', #1429, #600, #355, .T. ) ;
#1483 = ORIENTED_EDGE ( 'NONE', *, *, #152, .T. ) ;
#1484 = CARTESIAN_POINT ( 'NONE',  ( 24.50000000000000355, -12.90000000000000036, -2.000000000000000000 ) ) ;
#1485 = TOROIDAL_SURFACE ( 'NONE', #1760, 5.450000000000000178, 2.000000000000000000 ) ;
#1486 = UNCERTAINTY_MEASURE_WITH_UNIT (LENGTH_MEASURE( 1.000000000000000082E-05 ), #1053, 'distance_accuracy_value', 'NONE');
#1487 = AXIS2_PLACEMENT_3D ( 'NONE', #958, #1315, #989 ) ;
#1488 = FACE_BOUND ( 'NONE', #623, .T. ) ;
#1489 = DIRECTION ( 'NONE',  ( 1.000000000000000000, 0.000000000000000000, 0.000000000000000000 ) ) ;
#1490 = VECTOR ( 'NONE', #1178, 1000.000000000000000 ) ;
#1491 = VERTEX_POINT ( 'NONE', #763 ) ;
#1492 = ADVANCED_FACE ( 'NONE', ( #943 ), #1073, .F. ) ;
#1493 = TOROIDAL_SURFACE ( 'NONE', #2054, 5.000000000000000000, 2.000000000000000000 ) ;
#1494 = DIRECTION ( 'NONE',  ( -0.000000000000000000, -0.000000000000000000, -1.000000000000000000 ) ) ;
#1495 = VECTOR ( 'NONE', #1513, 1000.000000000000000 ) ;
#1496 = DIRECTION ( 'NONE',  ( 0.000000000000000000, 0.000000000000000000, -1.000000000000000000 ) ) ;
#1497 = CIRCLE ( 'NONE', #1114, 0.5000000000000004441 ) ;
#1498 = ORIENTED_EDGE ( 'NONE', *, *, #1482, .F. ) ;
#1499 = AXIS2_PLACEMENT_3D ( 'NONE', #302, #362, #2137 ) ;
#1500 = EDGE_CURVE ( 'NONE', #1112, #666, #81, .T. ) ;
#1501 = EDGE_LOOP ( 'NONE', ( #2126, #1267 ) ) ;
#1502 = DIRECTION ( 'NONE',  ( 1.000000000000000000, 0.000000000000000000, -0.000000000000000000 ) ) ;
#1503 = AXIS2_PLACEMENT_3D ( 'NONE', #888, #58, #2074 ) ;
#1504 = CARTESIAN_POINT ( 'NONE',  ( 36.72402717759050716, -1.999999999999998224, -3.000000000000000000 ) ) ;
#1505 = FACE_OUTER_BOUND ( 'NONE', #1572, .T. ) ;
#1506 = ORIENTED_EDGE ( 'NONE', *, *, #613, .F. ) ;
#1507 = DIRECTION ( 'NONE',  ( -1.000000000000000000, -0.000000000000000000, -0.000000000000000000 ) ) ;
#1508 = DIRECTION ( 'NONE',  ( 0.000000000000000000, -1.000000000000000000, 0.000000000000000000 ) ) ;
#1509 = ORIENTED_EDGE ( 'NONE', *, *, #478, .F. ) ;
#1510 = EDGE_LOOP ( 'NONE', ( #2155, #248, #1064, #1225 ) ) ;
#1511 = DIRECTION ( 'NONE',  ( -0.000000000000000000, 1.000000000000000000, -0.000000000000000000 ) ) ;
#1512 = DIRECTION ( 'NONE',  ( 0.000000000000000000, 0.000000000000000000, 1.000000000000000000 ) ) ;
#1513 = DIRECTION ( 'NONE',  ( -0.000000000000000000, -0.000000000000000000, 1.000000000000000000 ) ) ;
#1514 = EDGE_CURVE ( 'NONE', #1264, #624, #1076, .T. ) ;
#1515 = VERTEX_POINT ( 'NONE', #776 ) ;
#1516 = DIRECTION ( 'NONE',  ( 0.000000000000000000, 0.000000000000000000, -1.000000000000000000 ) ) ;
#1517 = CARTESIAN_POINT ( 'NONE',  ( 35.00000000000000000, 0.000000000000000000, -5.000000000000000000 ) ) ;
#1518 = DIRECTION ( 'NONE',  ( 0.000000000000000000, -1.000000000000000000, 0.000000000000000000 ) ) ;
#1519 = ORIENTED_EDGE ( 'NONE', *, *, #1072, .F. ) ;
#1520 = DIRECTION ( 'NONE',  ( 0.02998650910567099773, 0.000000000000000000, 0.9995503035223667343 ) ) ;
#1521 = PLANE ( 'NONE',  #627 ) ;
#1522 = CARTESIAN_POINT ( 'NONE',  ( 22.00000000000000711, -12.90000000000000036, -45.00000000000000000 ) ) ;
#1523 = AXIS2_PLACEMENT_3D ( 'NONE', #298, #1931, #810 ) ;
#1524 = ORIENTED_EDGE ( 'NONE', *, *, #1528, .F. ) ;
#1525 = EDGE_CURVE ( 'NONE', #1161, #1090, #572, .T. ) ;
#1526 = DIRECTION ( 'NONE',  ( -2.081668171172166620E-14, 0.000000000000000000, -1.000000000000000000 ) ) ;
#1527 = AXIS2_PLACEMENT_3D ( 'NONE', #80, #1655, #1813 ) ;
#1528 = EDGE_CURVE ( 'NONE', #1491, #754, #225, .T. ) ;
#1529 = PERSON_AND_ORGANIZATION ( #1934, #402 ) ;
#1530 = CARTESIAN_POINT ( 'NONE',  ( 5.999999999999998224, -25.80000000000000071, -45.00000000000000000 ) ) ;
#1531 = AXIS2_PLACEMENT_3D ( 'NONE', #856, #740, #1018 ) ;
#1532 = ADVANCED_FACE ( 'NONE', ( #85 ), #843, .T. ) ;
#1533 = AXIS2_PLACEMENT_3D ( 'NONE', #643, #2149, #1151 ) ;
#1534 = ORIENTED_EDGE ( 'NONE', *, *, #909, .F. ) ;
#1535 = DIRECTION ( 'NONE',  ( 0.000000000000000000, 0.000000000000000000, -1.000000000000000000 ) ) ;
#1536 = AXIS2_PLACEMENT_3D ( 'NONE', #611, #1906, #752 ) ;
#1537 = ADVANCED_FACE ( 'NONE', ( #431 ), #1898, .T. ) ;
#1538 = CARTESIAN_POINT ( 'NONE',  ( 24.50000000000000355, -12.90000000000000036, -9.001250782228094494 ) ) ;
#1539 = CIRCLE ( 'NONE', #573, 1.000000000000000888 ) ;
#1540 = CARTESIAN_POINT ( 'NONE',  ( 36.72402717759050716, -1.999999999999998224, -2.000000000000000000 ) ) ;
#1541 = ORIENTED_EDGE ( 'NONE', *, *, #2080, .F. ) ;
#1542 = DIRECTION ( 'NONE',  ( -0.000000000000000000, 0.000000000000000000, -1.000000000000000000 ) ) ;
#1543 = ADVANCED_FACE ( 'NONE', ( #263 ), #2104, .F. ) ;
#1544 = ADVANCED_FACE ( 'NONE', ( #1406, #616, #2093, #1743 ), #927, .F. ) ;
#1545 = FACE_OUTER_BOUND ( 'NONE', #1390, .T. ) ;
#1546 = ORIENTED_EDGE ( 'NONE', *, *, #279, .F. ) ;
#1547 = CARTESIAN_POINT ( 'NONE',  ( 35.49611167254330013, -25.12420673159136797, -44.50447631911395519 ) ) ;
#1548 = DIRECTION ( 'NONE',  ( 0.000000000000000000, -1.000000000000000000, 0.000000000000000000 ) ) ;
#1549 = DIRECTION ( 'NONE',  ( 0.000000000000000000, 0.000000000000000000, -1.000000000000000000 ) ) ;
#1550 = CARTESIAN_POINT ( 'NONE',  ( 36.44855897014189594, -1.999999999999998224, -47.86776187424950280 ) ) ;
#1551 = ADVANCED_BREP_SHAPE_REPRESENTATION ( 'soft_gripper_finger_3V2.1', ( #1616, #1673 ), #1953 ) ;
#1552 = EDGE_CURVE ( 'NONE', #990, #807, #1772, .T. ) ;
#1553 = DIRECTION ( 'NONE',  ( 0.000000000000000000, 0.000000000000000000, -1.000000000000000000 ) ) ;
#1554 = DIRECTION ( 'NONE',  ( -1.000000000000000000, 0.000000000000000000, 0.000000000000000000 ) ) ;
#1555 = VERTEX_POINT ( 'NONE', #1753 ) ;
#1556 = CARTESIAN_POINT ( 'NONE',  ( 5.000000000000000000, -0.5000000000000000000, -5.000000000000000000 ) ) ;
#1557 = DATE_TIME_ROLE ( 'creation_date' ) ;
#1558 = AXIS2_PLACEMENT_3D ( 'NONE', #855, #678, #1191 ) ;
#1559 = ADVANCED_FACE ( 'NONE', ( #2071, #589 ), #583, .T. ) ;
#1560 = CIRCLE ( 'NONE', #280, 0.5000000000000004441 ) ;
#1561 = AXIS2_PLACEMENT_3D ( 'NONE', #879, #56, #722 ) ;
#1562 = VECTOR ( 'NONE', #1809, 1000.000000000000000 ) ;
#1563 = CARTESIAN_POINT ( 'NONE',  ( 22.00000000000000711, -12.90000000000000036, -45.00099999999999767 ) ) ;
#1564 = AXIS2_PLACEMENT_3D ( 'NONE', #162, #1467, #2139 ) ;
#1565 = DIRECTION ( 'NONE',  ( 0.000000000000000000, 0.000000000000000000, -1.000000000000000000 ) ) ;
#1566 = AXIS2_PLACEMENT_3D ( 'NONE', #737, #906, #410 ) ;
#1567 = CIRCLE ( 'NONE', #1503, 2.500000000000002220 ) ;
#1568 = ORIENTED_EDGE ( 'NONE', *, *, #947, .F. ) ;
#1569 = DIRECTION ( 'NONE',  ( -0.000000000000000000, -0.000000000000000000, 1.000000000000000000 ) ) ;
#1570 = FACE_OUTER_BOUND ( 'NONE', #941, .T. ) ;
#1571 = DIRECTION ( 'NONE',  ( -1.000000000000000000, 0.000000000000000000, 0.000000000000000000 ) ) ;
#1572 = EDGE_LOOP ( 'NONE', ( #1263, #790, #305, #214 ) ) ;
#1573 = FACE_OUTER_BOUND ( 'NONE', #905, .T. ) ;
#1574 = EDGE_CURVE ( 'NONE', #155, #516, #1669, .T. ) ;
#1575 = DIRECTION ( 'NONE',  ( 0.000000000000000000, 0.000000000000000000, -1.000000000000000000 ) ) ;
#1576 = ORIENTED_EDGE ( 'NONE', *, *, #1755, .T. ) ;
#1577 = FACE_OUTER_BOUND ( 'NONE', #1435, .T. ) ;
#1578 = EDGE_CURVE ( 'NONE', #1644, #632, #1063, .T. ) ;
#1579 = VERTEX_POINT ( 'NONE', #899 ) ;
#1580 = CARTESIAN_POINT ( 'NONE',  ( 35.00000000000000000, -25.30000000000000071, -40.00000000000000000 ) ) ;
#1581 = DIRECTION ( 'NONE',  ( 0.000000000000000000, 0.000000000000000000, 1.000000000000000000 ) ) ;
#1582 = LINE ( 'NONE', #1261, #1313 ) ;
#1583 = CIRCLE ( 'NONE', #626, 0.5000000000000004441 ) ;
#1584 = DIRECTION ( 'NONE',  ( 0.000000000000000000, 0.000000000000000000, -1.000000000000000000 ) ) ;
#1585 = EDGE_LOOP ( 'NONE', ( #1612, #1603, #1825, #1384 ) ) ;
#1586 = DIRECTION ( 'NONE',  ( 0.000000000000000000, 0.000000000000000000, -1.000000000000000000 ) ) ;
#1587 = VECTOR ( 'NONE', #192, 1000.000000000000000 ) ;
#1588 = TOROIDAL_SURFACE ( 'NONE', #385, 1.000000000000000000, 2.000000000000000000 ) ;
#1589 = EDGE_CURVE ( 'NONE', #1515, #832, #1806, .T. ) ;
#1590 = AXIS2_PLACEMENT_3D ( 'NONE', #2153, #1682, #1158 ) ;
#1591 = ORIENTED_EDGE ( 'NONE', *, *, #548, .F. ) ;
#1592 = EDGE_LOOP ( 'NONE', ( #98, #2099, #1306, #2114 ) ) ;
#1593 = DIRECTION ( 'NONE',  ( 0.000000000000000000, -1.000000000000000000, 0.000000000000000000 ) ) ;
#1594 = AXIS2_PLACEMENT_3D ( 'NONE', #231, #730, #2034 ) ;
#1595 = CARTESIAN_POINT ( 'NONE',  ( 35.00000000000000000, -25.80000000000000071, -37.50000000000000000 ) ) ;
#1596 = AXIS2_PLACEMENT_3D ( 'NONE', #2079, #1258, #604 ) ;
#1597 = CIRCLE ( 'NONE', #1671, 3.000000000000002665 ) ;
#1598 = VERTEX_POINT ( 'NONE', #808 ) ;
#1599 = DIRECTION ( 'NONE',  ( -1.000000000000000000, -0.000000000000000000, -0.000000000000000000 ) ) ;
#1600 = ORIENTED_EDGE ( 'NONE', *, *, #1228, .T. ) ;
#1601 = FACE_OUTER_BOUND ( 'NONE', #1975, .T. ) ;
#1602 = ORIENTED_EDGE ( 'NONE', *, *, #680, .T. ) ;
#1603 = ORIENTED_EDGE ( 'NONE', *, *, #2075, .T. ) ;
#1604 = CARTESIAN_POINT ( 'NONE',  ( 2.000000000000000000, -23.80000000000000071, -39.00000000000000000 ) ) ;
#1605 = DIRECTION ( 'NONE',  ( 0.000000000000000000, 0.000000000000000000, 1.000000000000000000 ) ) ;
#1606 = DIRECTION ( 'NONE',  ( -0.5498428833664650295, 0.000000000000000000, -0.8352681028336063074 ) ) ;
#1607 = EDGE_LOOP ( 'NONE', ( #1657, #473, #374, #1281 ) ) ;
#1608 = DIRECTION ( 'NONE',  ( -1.000000000000000000, -0.000000000000000000, -0.000000000000000000 ) ) ;
#1609 = ORIENTED_EDGE ( 'NONE', *, *, #1785, .F. ) ;
#1610 = DIRECTION ( 'NONE',  ( 0.000000000000000000, 0.000000000000000000, -1.000000000000000000 ) ) ;
#1611 = EDGE_CURVE ( 'NONE', #782, #1637, #3, .T. ) ;
#1612 = ORIENTED_EDGE ( 'NONE', *, *, #1619, .F. ) ;
#1613 = DIRECTION ( 'NONE',  ( 0.000000000000000000, -1.000000000000000000, 0.000000000000000000 ) ) ;
#1614 = LINE ( 'NONE', #136, #1266 ) ;
#1615 = CARTESIAN_POINT ( 'NONE',  ( 24.50000000000000355, -12.90000000000000036, -10.00000000000000000 ) ) ;
#1616 = MANIFOLD_SOLID_BREP ( 'soft_gripper_finger', #591 ) ;
#1617 = ADVANCED_FACE ( 'NONE', ( #653 ), #1320, .T. ) ;
#1618 = ORIENTED_EDGE ( 'NONE', *, *, #1611, .F. ) ;
#1619 = EDGE_CURVE ( 'NONE', #1395, #1090, #184, .T. ) ;
#1620 = EDGE_CURVE ( 'NONE', #1738, #600, #979, .T. ) ;
#1621 = CARTESIAN_POINT ( 'NONE',  ( 35.00000000000000000, 0.000000000000000000, -3.000000000000000000 ) ) ;
#1622 = EDGE_LOOP ( 'NONE', ( #482, #1995, #1150, #818 ) ) ;
#1623 = DIRECTION ( 'NONE',  ( 0.000000000000000000, 0.000000000000000000, -1.000000000000000000 ) ) ;
#1624 = AXIS2_PLACEMENT_3D ( 'NONE', #758, #884, #1206 ) ;
#1625 = ORIENTED_EDGE ( 'NONE', *, *, #62, .F. ) ;
#1626 = AXIS2_PLACEMENT_3D ( 'NONE', #1126, #328, #337 ) ;
#1627 = CARTESIAN_POINT ( 'NONE',  ( 25.50000000000000355, -8.399999999999998579, -40.00000000000000000 ) ) ;
#1628 = CIRCLE ( 'NONE', #1379, 3.000000000000000000 ) ;
#1629 = DIRECTION ( 'NONE',  ( 0.000000000000000000, 0.000000000000000000, -1.000000000000000000 ) ) ;
#1630 = DIRECTION ( 'NONE',  ( 0.000000000000000000, 0.000000000000000000, 1.000000000000000000 ) ) ;
#1631 = CIRCLE ( 'NONE', #1987, 2.000000000000000000 ) ;
#1632 = TOROIDAL_SURFACE ( 'NONE', #2026, 2.500000000000000000, 0.5000000000000000000 ) ;
#1633 = EDGE_LOOP ( 'NONE', ( #2111, #1193, #1038, #159 ) ) ;
#1634 = CARTESIAN_POINT ( 'NONE',  ( 24.50000000000000355, -12.90000000000000036, -45.00099999999999767 ) ) ;
#1635 = AXIS2_PLACEMENT_3D ( 'NONE', #746, #1070, #417 ) ;
#1636 = CARTESIAN_POINT ( 'NONE',  ( 0.2500000000000000000, -5.899999999999996803, -40.71391365010025254 ) ) ;
#1637 = VERTEX_POINT ( 'NONE', #1960 ) ;
#1638 = CARTESIAN_POINT ( 'NONE',  ( 3.000000000000000000, -25.80000000000000071, 0.000000000000000000 ) ) ;
#1639 = VERTEX_POINT ( 'NONE', #1627 ) ;
#1640 = ORIENTED_EDGE ( 'NONE', *, *, #2116, .F. ) ;
#1641 = FACE_OUTER_BOUND ( 'NONE', #360, .T. ) ;
#1642 = FACE_OUTER_BOUND ( 'NONE', #1510, .T. ) ;
#1643 = CARTESIAN_POINT ( 'NONE',  ( 5.000000000000000000, 0.000000000000000000, -5.000000000000000000 ) ) ;
#1644 = VERTEX_POINT ( 'NONE', #1661 ) ;
#1645 = CARTESIAN_POINT ( 'NONE',  ( 35.00000000000000000, -0.5000000000000000000, -5.000000000000000000 ) ) ;
#1646 = DIRECTION ( 'NONE',  ( -1.000000000000000000, 0.000000000000000000, 0.000000000000000000 ) ) ;
#1647 = ORIENTED_EDGE ( 'NONE', *, *, #553, .F. ) ;
#1648 = ORIENTED_EDGE ( 'NONE', *, *, #1713, .F. ) ;
#1649 = ORIENTED_EDGE ( 'NONE', *, *, #1362, .F. ) ;
#1650 = CARTESIAN_POINT ( 'NONE',  ( 2.000000000000000000, 0.000000000000000000, -39.00000000000000000 ) ) ;
#1651 = EDGE_CURVE ( 'NONE', #953, #1685, #1049, .T. ) ;
#1652 = DIRECTION ( 'NONE',  ( 0.000000000000000000, -1.000000000000000000, 0.000000000000000000 ) ) ;
#1653 = DIRECTION ( 'NONE',  ( 0.000000000000000000, 0.000000000000000000, -1.000000000000000000 ) ) ;
#1654 = EDGE_LOOP ( 'NONE', ( #938, #1929 ) ) ;
#1655 = DIRECTION ( 'NONE',  ( 0.000000000000000000, -1.000000000000000000, 0.000000000000000000 ) ) ;
#1656 = FACE_OUTER_BOUND ( 'NONE', #122, .T. ) ;
#1657 = ORIENTED_EDGE ( 'NONE', *, *, #2075, .F. ) ;
#1658 = ORIENTED_EDGE ( 'NONE', *, *, #699, .T. ) ;
#1659 = ORIENTED_EDGE ( 'NONE', *, *, #1166, .F. ) ;
#1660 = EDGE_CURVE ( 'NONE', #1598, #1749, #1845, .T. ) ;
#1661 = CARTESIAN_POINT ( 'NONE',  ( 0.2500000000000002220, -19.89999999999999858, -40.71391365010025964 ) ) ;
#1662 = AXIS2_PLACEMENT_3D ( 'NONE', #1098, #378, #936 ) ;
#1663 = AXIS2_PLACEMENT_3D ( 'NONE', #692, #1508, #725 ) ;
#1664 = FACE_OUTER_BOUND ( 'NONE', #1956, .T. ) ;
#1665 = CARTESIAN_POINT ( 'NONE',  ( 24.50000000000000000, -8.399999999999998579, -40.00000000000000000 ) ) ;
#1666 = ORIENTED_EDGE ( 'NONE', *, *, #1396, .T. ) ;
#1667 = AXIS2_PLACEMENT_3D ( 'NONE', #967, #1630, #299 ) ;
#1668 = CARTESIAN_POINT ( 'NONE',  ( 35.00000000000000000, -25.30000000000000071, -42.50000000000000000 ) ) ;
#1669 = CIRCLE ( 'NONE', #1949, 2.500000000000002220 ) ;
#1670 = DIRECTION ( 'NONE',  ( -1.000000000000000000, -0.000000000000000000, -0.000000000000000000 ) ) ;
#1671 = AXIS2_PLACEMENT_3D ( 'NONE', #1350, #2124, #1764 ) ;
#1672 = ORIENTED_EDGE ( 'NONE', *, *, #1250, .F. ) ;
#1673 = AXIS2_PLACEMENT_3D ( 'NONE', #67, #1195, #750 ) ;
#1674 = ORIENTED_EDGE ( 'NONE', *, *, #1719, .T. ) ;
#1675 = PRODUCT_DEFINITION_SHAPE ( 'NONE', 'NONE',  #69 ) ;
#1676 = ORIENTED_EDGE ( 'NONE', *, *, #574, .T. ) ;
#1677 = CARTESIAN_POINT ( 'NONE',  ( 3.000000000000000000, -25.80000000000000071, -3.000000000000000000 ) ) ;
#1678 = CIRCLE ( 'NONE', #940, 2.000000000000000000 ) ;
#1679 = CARTESIAN_POINT ( 'NONE',  ( 21.05000000000000782, -12.90000000000000036, -2.000000000000000000 ) ) ;
#1680 = CARTESIAN_POINT ( 'NONE',  ( 24.50000000000000355, -12.90000000000000036, -45.00000000000000000 ) ) ;
#1681 = ORIENTED_EDGE ( 'NONE', *, *, #1660, .T. ) ;
#1682 = DIRECTION ( 'NONE',  ( -0.000000000000000000, 1.000000000000000000, -0.000000000000000000 ) ) ;
#1683 = PLANE ( 'NONE',  #1190 ) ;
#1684 = DIRECTION ( 'NONE',  ( -0.000000000000000000, 1.000000000000000000, -0.000000000000000000 ) ) ;
#1685 = VERTEX_POINT ( 'NONE', #1826 ) ;
#1686 = ORIENTED_EDGE ( 'NONE', *, *, #500, .F. ) ;
#1687 = DIRECTION ( 'NONE',  ( 0.000000000000000000, -1.000000000000000000, 0.000000000000000000 ) ) ;
#1688 = EDGE_CURVE ( 'NONE', #1112, #2065, #1316, .T. ) ;
#1689 = EDGE_CURVE ( 'NONE', #283, #326, #1458, .T. ) ;
#1690 = DIRECTION ( 'NONE',  ( 0.000000000000000000, -1.000000000000000000, 0.000000000000000000 ) ) ;
#1691 = DIRECTION ( 'NONE',  ( 1.000000000000000000, 0.000000000000000000, 0.000000000000000000 ) ) ;
#1692 = EDGE_LOOP ( 'NONE', ( #659, #586, #1965, #2119 ) ) ;
#1693 = CARTESIAN_POINT ( 'NONE',  ( 2.000000000000000000, 0.000000000000000000, -64.88949999999999818 ) ) ;
#1694 = APPROVAL_STATUS ( 'not_yet_approved' ) ;
#1695 = CARTESIAN_POINT ( 'NONE',  ( 6.000000000000000000, 0.000000000000000000, -39.00000000000000000 ) ) ;
#1696 = VERTEX_POINT ( 'NONE', #1001 ) ;
#1697 = DIRECTION ( 'NONE',  ( 0.000000000000000000, 0.000000000000000000, -1.000000000000000000 ) ) ;
#1698 = LINE ( 'NONE', #392, #1944 ) ;
#1699 = ADVANCED_FACE ( 'NONE', ( #1476 ), #1632, .T. ) ;
#1700 = AXIS2_PLACEMENT_3D ( 'NONE', #1795, #966, #476 ) ;
#1701 = ORIENTED_EDGE ( 'NONE', *, *, #1290, .F. ) ;
#1702 = CARTESIAN_POINT ( 'NONE',  ( 24.49999999999999645, -17.39999999999999503, -40.00000000000000000 ) ) ;
#1703 = AXIS2_PLACEMENT_3D ( 'NONE', #1815, #1955, #1301 ) ;
#1704 = AXIS2_PLACEMENT_3D ( 'NONE', #1005, #361, #1022 ) ;
#1705 = AXIS2_PLACEMENT_3D ( 'NONE', #115, #576, #747 ) ;
#1706 = CARTESIAN_POINT ( 'NONE',  ( 35.30623925324869106, -25.80000000000000071, -43.00000000000000000 ) ) ;
#1707 = CARTESIAN_POINT ( 'NONE',  ( 24.50000000000000000, -8.399999999999998579, -40.00000000000000000 ) ) ;
#1708 = ORIENTED_EDGE ( 'NONE', *, *, #667, .F. ) ;
#1709 = LINE ( 'NONE', #1241, #876 ) ;
#1710 = ORIENTED_EDGE ( 'NONE', *, *, #2108, .F. ) ;
#1711 = DIRECTION ( 'NONE',  ( 0.000000000000000000, 0.000000000000000000, -1.000000000000000000 ) ) ;
#1712 = DATE_AND_TIME ( #2056, #13 ) ;
#1713 = EDGE_CURVE ( 'NONE', #1097, #131, #1861, .T. ) ;
#1714 = DIRECTION ( 'NONE',  ( 0.000000000000000000, 1.000000000000000000, 0.000000000000000000 ) ) ;
#1715 = EDGE_LOOP ( 'NONE', ( #608, #641, #841, #526 ) ) ;
#1716 = DIRECTION ( 'NONE',  ( 0.000000000000000000, 0.000000000000000000, -1.000000000000000000 ) ) ;
#1717 = CARTESIAN_POINT ( 'NONE',  ( 6.000000000000000000, -23.80000000000000071, -39.00000000000000000 ) ) ;
#1718 = ADVANCED_FACE ( 'NONE', ( #1641 ), #637, .T. ) ;
#1719 = EDGE_CURVE ( 'NONE', #1896, #1842, #399, .T. ) ;
#1720 = ORIENTED_EDGE ( 'NONE', *, *, #1387, .F. ) ;
#1721 = CARTESIAN_POINT ( 'NONE',  ( 35.00000000000170530, -25.80000000000000071, -39.99999999999150191 ) ) ;
#1722 = PERSON_AND_ORGANIZATION ( #1934, #402 ) ;
#1723 = FACE_OUTER_BOUND ( 'NONE', #517, .T. ) ;
#1724 = ADVANCED_FACE ( 'NONE', ( #1449 ), #8, .T. ) ;
#1725 = DIRECTION ( 'NONE',  ( 0.000000000000000000, -1.000000000000000000, 0.000000000000000000 ) ) ;
#1726 = CARTESIAN_POINT ( 'NONE',  ( 0.2500000000000000000, -19.89999999999999858, -122.3646703878650186 ) ) ;
#1727 = ORIENTED_EDGE ( 'NONE', *, *, #982, .F. ) ;
#1728 = LINE ( 'NONE', #749, #2085 ) ;
#1729 = APPROVAL_DATE_TIME ( #580, #1794 ) ;
#1730 = CIRCLE ( 'NONE', #2083, 1.999999999999997113 ) ;
#1731 = CIRCLE ( 'NONE', #1071, 2.000000000000000000 ) ;
#1732 = CIRCLE ( 'NONE', #896, 4.999999999999997335 ) ;
#1733 = AXIS2_PLACEMENT_3D ( 'NONE', #549, #1877, #397 ) ;
#1734 = AXIS2_PLACEMENT_3D ( 'NONE', #1124, #830, #1986 ) ;
#1735 = PLANE ( 'NONE',  #1566 ) ;
#1736 = AXIS2_PLACEMENT_3D ( 'NONE', #135, #297, #954 ) ;
#1737 = CARTESIAN_POINT ( 'NONE',  ( 34.47116517210653797, -2.000000000000000000, -32.46993059904971801 ) ) ;
#1738 = VERTEX_POINT ( 'NONE', #2128 ) ;
#1739 = LINE ( 'NONE', #2118, #1217 ) ;
#1740 = COORDINATED_UNIVERSAL_TIME_OFFSET ( 3, 0, .AHEAD. ) ;
#1741 = CYLINDRICAL_SURFACE ( 'NONE', #1445, 1.000000000000000888 ) ;
#1742 = CARTESIAN_POINT ( 'NONE',  ( 54.65935606599799002, -1.999999999999998224, -43.00000000000000000 ) ) ;
#1743 = FACE_OUTER_BOUND ( 'NONE', #1791, .T. ) ;
#1744 = EDGE_CURVE ( 'NONE', #742, #1354, #934, .T. ) ;
#1745 = ADVANCED_FACE ( 'NONE', ( #1818 ), #331, .F. ) ;
#1746 = DIRECTION ( 'NONE',  ( 0.000000000000000000, 0.000000000000000000, -1.000000000000000000 ) ) ;
#1747 = DATE_TIME_ROLE ( 'classification_date' ) ;
#1748 = CARTESIAN_POINT ( 'NONE',  ( -207.4275757471450277, -23.80000000000000071, 9.155365287956488629 ) ) ;
#1749 = VERTEX_POINT ( 'NONE', #1216 ) ;
#1750 = EDGE_CURVE ( 'NONE', #1896, #624, #1769, .T. ) ;
#1751 = CARTESIAN_POINT ( 'NONE',  ( 1.999999999999997335, -25.80000000000000071, -26.21866189143402082 ) ) ;
#1752 = VERTEX_POINT ( 'NONE', #386 ) ;
#1753 = CARTESIAN_POINT ( 'NONE',  ( 35.00000000000000000, 0.000000000000000000, -37.50000000000000000 ) ) ;
#1754 = DIRECTION ( 'NONE',  ( 0.000000000000000000, 0.000000000000000000, -1.000000000000000000 ) ) ;
#1755 = EDGE_CURVE ( 'NONE', #1248, #1138, #1497, .T. ) ;
#1756 = CARTESIAN_POINT ( 'NONE',  ( 35.00000000000000000, -25.30000000000000071, -38.00000000000000000 ) ) ;
#1757 = EDGE_CURVE ( 'NONE', #488, #1639, #714, .T. ) ;
#1758 = PERSON_AND_ORGANIZATION_ROLE ( 'classification_officer' ) ;
#1759 = ORIENTED_EDGE ( 'NONE', *, *, #1336, .T. ) ;
#1760 = AXIS2_PLACEMENT_3D ( 'NONE', #1425, #1374, #1915 ) ;
#1761 = AXIS2_PLACEMENT_3D ( 'NONE', #515, #1169, #1423 ) ;
#1762 = DIRECTION ( 'NONE',  ( -0.000000000000000000, -0.000000000000000000, -1.000000000000000000 ) ) ;
#1763 = ORIENTED_EDGE ( 'NONE', *, *, #680, .F. ) ;
#1764 = DIRECTION ( 'NONE',  ( 4.625929269271481378E-15, 0.000000000000000000, -1.000000000000000000 ) ) ;
#1765 = CIRCLE ( 'NONE', #594, 1.000000000000000888 ) ;
#1766 = CIRCLE ( 'NONE', #595, 2.499999999999998668 ) ;
#1767 = ORIENTED_EDGE ( 'NONE', *, *, #1619, .T. ) ;
#1768 = DIRECTION ( 'NONE',  ( 0.000000000000000000, 0.000000000000000000, 1.000000000000000000 ) ) ;
#1769 = B_SPLINE_CURVE_WITH_KNOTS ( 'NONE', 3,
 ( #1706, #1864, #883, #1852, #864, #1547, #695, #1342, #17, #688, #2032, #367, #842, #1373 ),
 .UNSPECIFIED., .F., .F.,
 ( 4, 2, 2, 2, 2, 2, 4 ),
 ( -1.871288674332527579E-05, 0.0007719466281859807977, 0.001562606143115287003, 0.001957935900579928831, 0.002353265658044570441, 0.002748595415509212485, 0.003143925172973854095 ),
 .UNSPECIFIED. ) ;
#1770 = AXIS2_PLACEMENT_3D ( 'NONE', #502, #324, #487 ) ;
#1771 = CARTESIAN_POINT ( 'NONE',  ( 35.00000000000170530, -23.80000000000000071, -39.99999999999150191 ) ) ;
#1772 = CIRCLE ( 'NONE', #1186, 2.499999999999999556 ) ;
#1773 = CARTESIAN_POINT ( 'NONE',  ( 1.900000000000001910, -0.002501564456192095776, -22.88532855810083433 ) ) ;
#1774 = ORIENTED_EDGE ( 'NONE', *, *, #1167, .F. ) ;
#1775 = ADVANCED_FACE ( 'NONE', ( #2006 ), #375, .F. ) ;
#1776 = ADVANCED_FACE ( 'NONE', ( #1363 ), #1244, .T. ) ;
#1777 = DIRECTION ( 'NONE',  ( -0.000000000000000000, 0.000000000000000000, -1.000000000000000000 ) ) ;
#1778 = VERTEX_POINT ( 'NONE', #2016 ) ;
#1779 = DIRECTION ( 'NONE',  ( 0.000000000000000000, 0.000000000000000000, -1.000000000000000000 ) ) ;
#1780 = VERTEX_POINT ( 'NONE', #1035 ) ;
#1781 = DIRECTION ( 'NONE',  ( -0.000000000000000000, -0.000000000000000000, -1.000000000000000000 ) ) ;
#1782 = DIRECTION ( 'NONE',  ( 1.000000000000000000, 0.000000000000000000, -1.224646799147353207E-16 ) ) ;
#1783 = LINE ( 'NONE', #1142, #1562 ) ;
#1784 = ADVANCED_FACE ( 'NONE', ( #719 ), #2058, .T. ) ;
#1785 = EDGE_CURVE ( 'NONE', #816, #283, #1419, .T. ) ;
#1786 = SECURITY_CLASSIFICATION_LEVEL ( 'unclassified' ) ;
#1787 = ORIENTED_EDGE ( 'NONE', *, *, #1620, .T. ) ;
#1788 = CARTESIAN_POINT ( 'NONE',  ( 0.000000000000000000, 0.000000000000000000, -3.000000000000000000 ) ) ;
#1789 = ORIENTED_EDGE ( 'NONE', *, *, #1362, .T. ) ;
#1790 = CARTESIAN_POINT ( 'NONE',  ( 35.00000000000000000, 0.000000000000000000, -40.00000000000000000 ) ) ;
#1791 = EDGE_LOOP ( 'NONE', ( #300, #857, #1848, #775, #497, #138, #1026, #933, #33, #1058, #891, #1230 ) ) ;
#1792 = VERTEX_POINT ( 'NONE', #530 ) ;
#1793 = DIRECTION ( 'NONE',  ( 0.000000000000000000, 0.000000000000000000, 1.000000000000000000 ) ) ;
#1794 = APPROVAL ( #1694, 'UNSPECIFIED' ) ;
#1795 = CARTESIAN_POINT ( 'NONE',  ( 39.39874306693379680, -25.80000000000000071, -33.31785517732169666 ) ) ;
#1796 = DIRECTION ( 'NONE',  ( 0.000000000000000000, 0.000000000000000000, -1.000000000000000000 ) ) ;
#1797 = EDGE_LOOP ( 'NONE', ( #759, #447 ) ) ;
#1798 = CARTESIAN_POINT ( 'NONE',  ( 5.000000000000000000, -0.5000000000000000000, -7.500000000000000000 ) ) ;
#1799 = DIRECTION ( 'NONE',  ( 0.000000000000000000, 0.000000000000000000, -1.000000000000000000 ) ) ;
#1800 = ORIENTED_EDGE ( 'NONE', *, *, #157, .T. ) ;
#1801 = CARTESIAN_POINT ( 'NONE',  ( 5.000000000000000000, 0.000000000000000000, -7.000000000000000000 ) ) ;
#1802 = CIRCLE ( 'NONE', #245, 4.999999999999997335 ) ;
#1803 = ORIENTED_EDGE ( 'NONE', *, *, #1651, .T. ) ;
#1804 = AXIS2_PLACEMENT_3D ( 'NONE', #1634, #833, #176 ) ;
#1805 = VECTOR ( 'NONE', #1605, 1000.000000000000000 ) ;
#1806 = LINE ( 'NONE', #1163, #254 ) ;
#1807 = AXIS2_PLACEMENT_3D ( 'NONE', #1368, #1052, #1711 ) ;
#1808 = CARTESIAN_POINT ( 'NONE',  ( 24.49999999999999645, -17.39999999999999503, -40.00000000000000000 ) ) ;
#1809 = DIRECTION ( 'NONE',  ( -0.000000000000000000, -0.000000000000000000, -1.000000000000000000 ) ) ;
#1810 = AXIS2_PLACEMENT_3D ( 'NONE', #2131, #174, #1489 ) ;
#1811 = AXIS2_PLACEMENT_3D ( 'NONE', #1930, #1768, #448 ) ;
#1812 = EDGE_LOOP ( 'NONE', ( #1871, #1618, #1025, #2147 ) ) ;
#1813 = DIRECTION ( 'NONE',  ( 0.000000000000000000, 0.000000000000000000, -1.000000000000000000 ) ) ;
#1814 = AXIS2_PLACEMENT_3D ( 'NONE', #1742, #1222, #1427 ) ;
#1815 = CARTESIAN_POINT ( 'NONE',  ( 36.72402717759050716, 0.000000000000000000, -3.000000000000000000 ) ) ;
#1816 = ORIENTED_EDGE ( 'NONE', *, *, #1330, .F. ) ;
#1817 = ORIENTED_EDGE ( 'NONE', *, *, #813, .F. ) ;
#1818 = FACE_OUTER_BOUND ( 'NONE', #1198, .T. ) ;
#1819 = CARTESIAN_POINT ( 'NONE',  ( 0.000000000000000000, -25.80000000000000071, -39.00000000000000000 ) ) ;
#1820 = LINE ( 'NONE', #1469, #1074 ) ;
#1821 = ORIENTED_EDGE ( 'NONE', *, *, #1997, .F. ) ;
#1822 = EDGE_CURVE ( 'NONE', #1555, #1792, #1383, .T. ) ;
#1823 = VERTEX_POINT ( 'NONE', #2038 ) ;
#1824 = ORIENTED_EDGE ( 'NONE', *, *, #1096, .F. ) ;
#1825 = ORIENTED_EDGE ( 'NONE', *, *, #1021, .T. ) ;
#1826 = CARTESIAN_POINT ( 'NONE',  ( 37.72279014700004751, -25.80000000000000071, -3.049724550581790705 ) ) ;
#1827 = CARTESIAN_POINT ( 'NONE',  ( 35.50795220401851537, -0.7784819568448538840, -44.58902863179901033 ) ) ;
#1828 = DIRECTION ( 'NONE',  ( -0.000000000000000000, 0.000000000000000000, 1.000000000000000000 ) ) ;
#1829 = EDGE_LOOP ( 'NONE', ( #1479, #1255, #686, #422 ) ) ;
#1830 = CYLINDRICAL_SURFACE ( 'NONE', #1704, 3.000000000000002665 ) ;
#1831 = ADVANCED_FACE ( 'NONE', ( #354 ), #53, .T. ) ;
#1832 = ORIENTED_EDGE ( 'NONE', *, *, #161, .T. ) ;
#1833 = ORIENTED_EDGE ( 'NONE', *, *, #770, .F. ) ;
#1834 = ORIENTED_EDGE ( 'NONE', *, *, #157, .F. ) ;
#1835 = CARTESIAN_POINT ( 'NONE',  ( 35.00000000000000000, -0.5000000000000000000, -7.500000000000000000 ) ) ;
#1836 = CIRCLE ( 'NONE', #1700, 4.999999999999997335 ) ;
#1837 = VECTOR ( 'NONE', #565, 1000.000000000000000 ) ;
#1838 = CARTESIAN_POINT ( 'NONE',  ( 39.39874306693379680, -25.80000000000000071, -33.31785517732169666 ) ) ;
#1839 = AXIS2_PLACEMENT_3D ( 'NONE', #432, #1086, #220 ) ;
#1840 = DIRECTION ( 'NONE',  ( -0.000000000000000000, -0.000000000000000000, -1.000000000000000000 ) ) ;
#1841 = CIRCLE ( 'NONE', #522, 5.999999999999998224 ) ;
#1842 = VERTEX_POINT ( 'NONE', #215 ) ;
#1843 = AXIS2_PLACEMENT_3D ( 'NONE', #1717, #697, #878 ) ;
#1844 = DIRECTION ( 'NONE',  ( 0.000000000000000000, -1.000000000000000000, 0.000000000000000000 ) ) ;
#1845 = CIRCLE ( 'NONE', #596, 5.450000000000000178 ) ;
#1846 = DIRECTION ( 'NONE',  ( -1.000000000000000000, 0.000000000000000000, 0.000000000000000000 ) ) ;
#1847 = VECTOR ( 'NONE', #773, 1000.000000000000000 ) ;
#1848 = ORIENTED_EDGE ( 'NONE', *, *, #1611, .T. ) ;
#1849 = EDGE_CURVE ( 'NONE', #969, #1780, #2046, .T. ) ;
#1850 = EDGE_CURVE ( 'NONE', #1738, #1117, #1050, .T. ) ;
#1851 = ORIENTED_EDGE ( 'NONE', *, *, #523, .F. ) ;
#1852 = CARTESIAN_POINT ( 'NONE',  ( 35.42874871782025537, -25.54855310446662031, -44.00498385524628731 ) ) ;
#1853 = CARTESIAN_POINT ( 'NONE',  ( 35.55809222655030055, -1.480678698006312244, -44.93581785303796750 ) ) ;
#1854 = EDGE_CURVE ( 'NONE', #1165, #1328, #2029, .T. ) ;
#1855 = CARTESIAN_POINT ( 'NONE',  ( 5.000000000000000000, -25.80000000000000071, -7.500000000000000000 ) ) ;
#1856 = VERTEX_POINT ( 'NONE', #1412 ) ;
#1857 = EDGE_CURVE ( 'NONE', #624, #292, #262, .T. ) ;
#1858 = LINE ( 'NONE', #1693, #767 ) ;
#1859 = DIRECTION ( 'NONE',  ( 0.000000000000000000, 0.000000000000000000, -1.000000000000000000 ) ) ;
#1860 = CARTESIAN_POINT ( 'NONE',  ( 5.000000000000000000, -25.80000000000000071, -5.000000000000000000 ) ) ;
#1861 =( BOUNDED_CURVE ( )  B_SPLINE_CURVE ( 3, ( #1948, #462, #1122, #475 ),
 .UNSPECIFIED., .F., .T. ) 
 B_SPLINE_CURVE_WITH_KNOTS ( ( 4, 4 ),
 ( 1.520775469989127382, 1.570796326794897668 ),
 .UNSPECIFIED. ) 
 CURVE ( )  GEOMETRIC_REPRESENTATION_ITEM ( )  RATIONAL_B_SPLINE_CURVE ( ( 1.000000000000000000, 0.9997915036922853105, 0.9997915036922853105, 1.000000000000000000 ) ) 
 REPRESENTATION_ITEM ( '' )  );
#1862 = ADVANCED_FACE ( 'NONE', ( #1570 ), #1279, .T. ) ;
#1863 = ORIENTED_EDGE ( 'NONE', *, *, #2143, .T. ) ;
#1864 = CARTESIAN_POINT ( 'NONE',  ( 35.33657505123021991, -25.79999999999999716, -43.26180430449784353 ) ) ;
#1865 = FACE_OUTER_BOUND ( 'NONE', #170, .T. ) ;
#1866 = CARTESIAN_POINT ( 'NONE',  ( 0.000000000000000000, -19.89999999999999858, -122.3646703878650186 ) ) ;
#1867 = EDGE_LOOP ( 'NONE', ( #200, #2, #1376, #508 ) ) ;
#1868 = CARTESIAN_POINT ( 'NONE',  ( 24.49999999999999645, -17.39999999999999503, -45.00000000000000000 ) ) ;
#1869 = PERSON_AND_ORGANIZATION ( #1934, #402 ) ;
#1870 = CARTESIAN_POINT ( 'NONE',  ( 39.72031608582759787, -25.80000000000000071, -3.149173651745800218 ) ) ;
#1871 = ORIENTED_EDGE ( 'NONE', *, *, #2009, .F. ) ;
#1872 = CARTESIAN_POINT ( 'NONE',  ( 35.00000000000000000, 0.000000000000000000, -40.00000000000000000 ) ) ;
#1873 = CARTESIAN_POINT ( 'NONE',  ( 5.000000000000000000, -25.30000000000000071, -7.500000000000000000 ) ) ;
#1874 = DIRECTION ( 'NONE',  ( -0.9855155789649040488, 0.000000000000000000, 0.1695849156542821312 ) ) ;
#1875 = VECTOR ( 'NONE', #1652, 1000.000000000000000 ) ;
#1876 = DIRECTION ( 'NONE',  ( -0.000000000000000000, 1.000000000000000000, -0.000000000000000000 ) ) ;
#1877 = DIRECTION ( 'NONE',  ( 0.000000000000000000, -1.000000000000000000, 0.000000000000000000 ) ) ;
#1878 = CIRCLE ( 'NONE', #797, 1.000000000000000888 ) ;
#1879 = APPROVAL_STATUS ( 'not_yet_approved' ) ;
#1880 = CIRCLE ( 'NONE', #873, 3.000000000000002665 ) ;
#1881 = CARTESIAN_POINT ( 'NONE',  ( 35.00000000000000000, -25.30000000000000071, -7.500000000000000000 ) ) ;
#1882 = AXIS2_PLACEMENT_3D ( 'NONE', #679, #477, #1132 ) ;
#1883 = VECTOR ( 'NONE', #246, 1000.000000000000000 ) ;
#1884 = ADVANCED_FACE ( 'NONE', ( #582 ), #1100, .T. ) ;
#1885 = CARTESIAN_POINT ( 'NONE',  ( 36.72402717759050716, 0.000000000000000000, -2.000000000000001776 ) ) ;
#1886 = CIRCLE ( 'NONE', #2030, 2.499999999999999556 ) ;
#1887 = DIRECTION ( 'NONE',  ( -0.000000000000000000, -0.000000000000000000, -1.000000000000000000 ) ) ;
#1888 = VERTEX_POINT ( 'NONE', #2069 ) ;
#1889 = CARTESIAN_POINT ( 'NONE',  ( 1.933309000429437541, -25.79916597128936573, -21.77502854378631980 ) ) ;
#1890 = EDGE_CURVE ( 'NONE', #1251, #969, #977, .T. ) ;
#1891 = FACE_OUTER_BOUND ( 'NONE', #1812, .T. ) ;
#1892 = DIRECTION ( 'NONE',  ( -1.000000000000000000, 0.000000000000000000, 0.000000000000000000 ) ) ;
#1893 = ORIENTED_EDGE ( 'NONE', *, *, #394, .T. ) ;
#1894 = DIRECTION ( 'NONE',  ( -0.000000000000000000, 1.000000000000000000, -0.000000000000000000 ) ) ;
#1895 = DIRECTION ( 'NONE',  ( 0.000000000000000000, 0.000000000000000000, -1.000000000000000000 ) ) ;
#1896 = VERTEX_POINT ( 'NONE', #436 ) ;
#1897 = CARTESIAN_POINT ( 'NONE',  ( 3.000000000000000000, -2.000000000000000000, -2.000000000000000000 ) ) ;
#1898 = CYLINDRICAL_SURFACE ( 'NONE', #534, 3.000000000000000000 ) ;
#1899 = CARTESIAN_POINT ( 'NONE',  ( 1.999999999999943601, -25.80000000000000071, -19.55199522476943486 ) ) ;
#1900 = CARTESIAN_POINT ( 'NONE',  ( 5.000000000000000000, -0.5000000000000000000, -5.000000000000000000 ) ) ;
#1901 = CIRCLE ( 'NONE', #965, 0.5000000000000004441 ) ;
#1902 = AXIS2_PLACEMENT_3D ( 'NONE', #1748, #266, #1584 ) ;
#1903 = AXIS2_PLACEMENT_3D ( 'NONE', #222, #880, #1065 ) ;
#1904 = CIRCLE ( 'NONE', #1667, 3.449999999999998401 ) ;
#1905 = EDGE_CURVE ( 'NONE', #1082, #953, #151, .T. ) ;
#1906 = DIRECTION ( 'NONE',  ( -0.000000000000000000, 1.000000000000000000, -0.000000000000000000 ) ) ;
#1907 = AXIS2_PLACEMENT_3D ( 'NONE', #340, #1781, #992 ) ;
#1908 = DIRECTION ( 'NONE',  ( 0.000000000000000000, -1.000000000000000000, 0.000000000000000000 ) ) ;
#1909 = TOROIDAL_SURFACE ( 'NONE', #1080, 2.500000000000000000, 0.5000000000000000000 ) ;
#1910 = CARTESIAN_POINT ( 'NONE',  ( 35.30623925324869106, 0.000000000000000000, -43.00000000000000000 ) ) ;
#1911 = CARTESIAN_POINT ( 'NONE',  ( 0.000000000000000000, -5.899999999999996803, -38.99999999999999289 ) ) ;
#1912 = APPROVAL_ROLE ( '' ) ;
#1913 = EDGE_CURVE ( 'NONE', #837, #754, #2101, .T. ) ;
#1914 = FACE_OUTER_BOUND ( 'NONE', #286, .T. ) ;
#1915 = DIRECTION ( 'NONE',  ( 1.000000000000000000, 0.000000000000000000, 0.000000000000000000 ) ) ;
#1916 = ORIENTED_EDGE ( 'NONE', *, *, #391, .F. ) ;
#1917 = DIRECTION ( 'NONE',  ( -0.000000000000000000, 1.000000000000000000, -0.000000000000000000 ) ) ;
#1918 = EDGE_CURVE ( 'NONE', #183, #1248, #1246, .T. ) ;
#1919 = EDGE_CURVE ( 'NONE', #1251, #1515, #1386, .T. ) ;
#1920 = ORIENTED_EDGE ( 'NONE', *, *, #1228, .F. ) ;
#1921 = DIRECTION ( 'NONE',  ( 0.000000000000000000, -1.000000000000000000, 0.000000000000000000 ) ) ;
#1922 = DIRECTION ( 'NONE',  ( 0.8352681028336422786, -6.353555041678499687E-14, -0.5498428833664104065 ) ) ;
#1923 = FACE_OUTER_BOUND ( 'NONE', #942, .T. ) ;
#1924 = PERSON_AND_ORGANIZATION ( #1934, #402 ) ;
#1925 = VERTEX_POINT ( 'NONE', #889 ) ;
#1926 = DIRECTION ( 'NONE',  ( 0.000000000000000000, 0.000000000000000000, 1.000000000000000000 ) ) ;
#1927 = ORIENTED_EDGE ( 'NONE', *, *, #1234, .F. ) ;
#1928 = DIRECTION ( 'NONE',  ( 0.000000000000000000, -0.000000000000000000, -1.000000000000000000 ) ) ;
#1929 = ORIENTED_EDGE ( 'NONE', *, *, #1500, .T. ) ;
#1930 = CARTESIAN_POINT ( 'NONE',  ( 19.92849999999999966, -25.80000000000000071, 0.000000000000000000 ) ) ;
#1931 = DIRECTION ( 'NONE',  ( 0.000000000000000000, 0.000000000000000000, -1.000000000000000000 ) ) ;
#1932 = ADVANCED_FACE ( 'NONE', ( #1891 ), #1735, .T. ) ;
#1933 = CARTESIAN_POINT ( 'NONE',  ( 35.00000000000000000, -25.30000000000000071, -5.000000000000000000 ) ) ;
#1934 = PERSON ( 'UNSPECIFIED', 'UNSPECIFIED', 'UNSPECIFIED', ('UNSPECIFIED'), ('UNSPECIFIED'), ('UNSPECIFIED') ) ;
#1935 = EDGE_CURVE ( 'NONE', #131, #782, #914, .T. ) ;
#1936 = ORIENTED_EDGE ( 'NONE', *, *, #1905, .T. ) ;
#1937 = TOROIDAL_SURFACE ( 'NONE', #1345, 2.449999999999999289, 1.000000000000000000 ) ;
#1938 = CIRCLE ( 'NONE', #1268, 0.5000000000000004441 ) ;
#1939 = CARTESIAN_POINT ( 'NONE',  ( 1.966649285089001387, 7.814759434786659377E-16, -25.10697139440081926 ) ) ;
#1940 = VERTEX_POINT ( 'NONE', #2090 ) ;
#1941 = DIRECTION ( 'NONE',  ( 0.000000000000000000, -1.000000000000000000, 0.000000000000000000 ) ) ;
#1942 = AXIS2_PLACEMENT_3D ( 'NONE', #201, #66, #869 ) ;
#1943 = EDGE_CURVE ( 'NONE', #1248, #183, #323, .T. ) ;
#1944 = VECTOR ( 'NONE', #1057, 1000.000000000000000 ) ;
#1945 = ADVANCED_FACE ( 'NONE', ( #1382 ), #11, .T. ) ;
#1946 = ORIENTED_EDGE ( 'NONE', *, *, #1854, .F. ) ;
#1947 = ORIENTED_EDGE ( 'NONE', *, *, #1822, .F. ) ;
#1948 = CARTESIAN_POINT ( 'NONE',  ( 1.900000000000001910, -25.79749843554382238, -22.88532855810083433 ) ) ;
#1949 = AXIS2_PLACEMENT_3D ( 'NONE', #288, #125, #411 ) ;
#1950 = CARTESIAN_POINT ( 'NONE',  ( 2.000000000000000888, -25.80000000000000071, -26.21866189143415227 ) ) ;
#1951 = DIRECTION ( 'NONE',  ( 0.000000000000000000, -1.000000000000000000, 0.000000000000000000 ) ) ;
#1952 = CALENDAR_DATE ( 2024, 5, 8 ) ;
#1953 =( GEOMETRIC_REPRESENTATION_CONTEXT ( 3 ) GLOBAL_UNCERTAINTY_ASSIGNED_CONTEXT ( ( #1486 ) ) GLOBAL_UNIT_ASSIGNED_CONTEXT ( ( #1053, #398, #1369 ) ) REPRESENTATION_CONTEXT ( 'NONE', 'WORKASPACE' ) );
#1954 = EDGE_LOOP ( 'NONE', ( #506, #296, #772, #1243 ) ) ;
#1955 = DIRECTION ( 'NONE',  ( -0.000000000000000000, 1.000000000000000000, -0.000000000000000000 ) ) ;
#1956 = EDGE_LOOP ( 'NONE', ( #472, #1446, #1546, #1428 ) ) ;
#1957 = DIRECTION ( 'NONE',  ( 0.000000000000000000, 0.000000000000000000, -1.000000000000000000 ) ) ;
#1958 = VERTEX_POINT ( 'NONE', #601 ) ;
#1959 = ORIENTED_EDGE ( 'NONE', *, *, #1785, .T. ) ;
#1960 = CARTESIAN_POINT ( 'NONE',  ( 1.999999999999971800, 0.000000000000000000, -19.55199522476944196 ) ) ;
#1961 = DIRECTION ( 'NONE',  ( -0.000000000000000000, 1.000000000000000000, -0.000000000000000000 ) ) ;
#1962 = ORIENTED_EDGE ( 'NONE', *, *, #867, .F. ) ;
#1963 = DIRECTION ( 'NONE',  ( 0.000000000000000000, -1.000000000000000000, 0.000000000000000000 ) ) ;
#1964 = DIRECTION ( 'NONE',  ( 0.000000000000000000, -1.000000000000000000, 0.000000000000000000 ) ) ;
#1965 = ORIENTED_EDGE ( 'NONE', *, *, #342, .F. ) ;
#1966 = DIRECTION ( 'NONE',  ( -0.000000000000000000, -0.000000000000000000, -1.000000000000000000 ) ) ;
#1967 = ADVANCED_FACE ( 'NONE', ( #1405 ), #430, .T. ) ;
#1968 = ORIENTED_EDGE ( 'NONE', *, *, #996, .T. ) ;
#1969 = DIRECTION ( 'NONE',  ( 0.000000000000000000, 0.000000000000000000, -1.000000000000000000 ) ) ;
#1970 = CARTESIAN_POINT ( 'NONE',  ( 24.50000000000000355, -12.90000000000000036, -2.000000000000000000 ) ) ;
#1971 = DIRECTION ( 'NONE',  ( 1.000000000000000000, 0.000000000000000000, 0.000000000000000000 ) ) ;
#1972 = ORIENTED_EDGE ( 'NONE', *, *, #1455, .T. ) ;
#1973 = LINE ( 'NONE', #2001, #495 ) ;
#1974 = LINE ( 'NONE', #1788, #1105 ) ;
#1975 = EDGE_LOOP ( 'NONE', ( #129, #2012, #694, #1106 ) ) ;
#1976 = CARTESIAN_POINT ( 'NONE',  ( 35.00000000000000000, -25.30000000000000071, -3.000000000000000000 ) ) ;
#1977 = CIRCLE ( 'NONE', #1067, 3.000000000000002665 ) ;
#1978 = ADVANCED_FACE ( 'NONE', ( #1577 ), #1062, .T. ) ;
#1979 = ORIENTED_EDGE ( 'NONE', *, *, #919, .F. ) ;
#1980 = CIRCLE ( 'NONE', #1042, 2.499999999999999556 ) ;
#1981 = EDGE_CURVE ( 'NONE', #1372, #175, #894, .T. ) ;
#1982 = ORIENTED_EDGE ( 'NONE', *, *, #1744, .T. ) ;
#1983 = DIRECTION ( 'NONE',  ( -0.04972455058193504807, 0.000000000000000000, -0.9987629694123749680 ) ) ;
#1984 = CIRCLE ( 'NONE', #1043, 2.000000000000000000 ) ;
#1985 = DIRECTION ( 'NONE',  ( 0.000000000000000000, -1.000000000000000000, 0.000000000000000000 ) ) ;
#1986 = DIRECTION ( 'NONE',  ( 0.000000000000000000, 0.000000000000000000, -1.000000000000000000 ) ) ;
#1987 = AXIS2_PLACEMENT_3D ( 'NONE', #1540, #1554, #533 ) ;
#1988 = ADVANCED_FACE ( 'NONE', ( #1475, #1265, #791, #1464 ), #1683, .T. ) ;
#1989 = AXIS2_PLACEMENT_3D ( 'NONE', #1416, #753, #1892 ) ;
#1990 = ORIENTED_EDGE ( 'NONE', *, *, #442, .T. ) ;
#1991 = CARTESIAN_POINT ( 'NONE',  ( 0.000000000000000000, -5.899999999999996803, -122.3646703878650186 ) ) ;
#1992 = VECTOR ( 'NONE', #1844, 1000.000000000000000 ) ;
#1993 = CARTESIAN_POINT ( 'NONE',  ( 5.000000000000000000, -0.5000000000000000000, -7.000000000000000000 ) ) ;
#1994 = EDGE_LOOP ( 'NONE', ( #133, #995, #819, #1127 ) ) ;
#1995 = ORIENTED_EDGE ( 'NONE', *, *, #1182, .T. ) ;
#1996 = DIRECTION ( 'NONE',  ( 1.000000000000000000, 0.000000000000000000, -0.000000000000000000 ) ) ;
#1997 = EDGE_CURVE ( 'NONE', #666, #1112, #2094, .T. ) ;
#1998 = DIRECTION ( 'NONE',  ( 0.000000000000000000, 0.000000000000000000, -1.000000000000000000 ) ) ;
#1999 = DIRECTION ( 'NONE',  ( -0.000000000000000000, -0.000000000000000000, 1.000000000000000000 ) ) ;
#2000 = VERTEX_POINT ( 'NONE', #471 ) ;
#2001 = CARTESIAN_POINT ( 'NONE',  ( 6.000000000000000000, -23.80000000000000071, -45.00000000000000000 ) ) ;
#2002 = CARTESIAN_POINT ( 'NONE',  ( 35.56768336450794976, -23.80000000000000071, -45.00000000000000000 ) ) ;
#2003 = ORIENTED_EDGE ( 'NONE', *, *, #1688, .F. ) ;
#2004 = ORIENTED_EDGE ( 'NONE', *, *, #1913, .T. ) ;
#2005 = ORIENTED_EDGE ( 'NONE', *, *, #223, .T. ) ;
#2006 = FACE_OUTER_BOUND ( 'NONE', #1954, .T. ) ;
#2007 = DIRECTION ( 'NONE',  ( 0.000000000000000000, -1.000000000000000000, 0.000000000000000000 ) ) ;
#2008 = EDGE_LOOP ( 'NONE', ( #675, #493 ) ) ;
#2009 = EDGE_CURVE ( 'NONE', #1637, #15, #494, .T. ) ;
#2010 = LINE ( 'NONE', #1991, #1490 ) ;
#2011 = DIRECTION ( 'NONE',  ( 1.000000000000000000, 0.000000000000000000, -0.000000000000000000 ) ) ;
#2012 = ORIENTED_EDGE ( 'NONE', *, *, #982, .T. ) ;
#2013 = EDGE_CURVE ( 'NONE', #1888, #2065, #116, .T. ) ;
#2014 = ORIENTED_EDGE ( 'NONE', *, *, #1943, .T. ) ;
#2015 = EDGE_LOOP ( 'NONE', ( #1325, #124, #339, #437 ) ) ;
#2016 = CARTESIAN_POINT ( 'NONE',  ( 27.95000000000000284, -12.90000000000000036, -2.000000000000000000 ) ) ;
#2017 = AXIS2_PLACEMENT_3D ( 'NONE', #1036, #2039, #1575 ) ;
#2018 = VECTOR ( 'NONE', #2144, 1000.000000000000000 ) ;
#2019 = FACE_OUTER_BOUND ( 'NONE', #485, .T. ) ;
#2020 = DIRECTION ( 'NONE',  ( 0.000000000000000000, 0.000000000000000000, 1.000000000000000000 ) ) ;
#2021 = CIRCLE ( 'NONE', #528, 3.999999999999996447 ) ;
#2022 = ORIENTED_EDGE ( 'NONE', *, *, #1574, .T. ) ;
#2023 = AXIS2_PLACEMENT_3D ( 'NONE', #1900, #423, #1077 ) ;
#2024 = LINE ( 'NONE', #558, #568 ) ;
#2025 = FACE_OUTER_BOUND ( 'NONE', #1585, .T. ) ;
#2026 = AXIS2_PLACEMENT_3D ( 'NONE', #2115, #820, #1969 ) ;
#2027 = ADVANCED_FACE ( 'NONE', ( #660 ), #1389, .T. ) ;
#2028 = DIRECTION ( 'NONE',  ( 1.000000000000000000, 0.000000000000000000, -0.000000000000000000 ) ) ;
#2029 = CIRCLE ( 'NONE', #50, 2.499999999999999556 ) ;
#2030 = AXIS2_PLACEMENT_3D ( 'NONE', #1517, #622, #1118 ) ;
#2031 = ORIENTED_EDGE ( 'NONE', *, *, #1234, .T. ) ;
#2032 = CARTESIAN_POINT ( 'NONE',  ( 35.55809222655031476, -24.31932130199369269, -44.93581785303798171 ) ) ;
#2033 = CARTESIAN_POINT ( 'NONE',  ( 35.49611167254328592, -0.6757932684086447317, -44.50447631911394808 ) ) ;
#2034 = DIRECTION ( 'NONE',  ( 0.000000000000000000, 0.000000000000000000, -1.000000000000000000 ) ) ;
#2035 = EDGE_LOOP ( 'NONE', ( #1287, #798, #1184, #2092 ) ) ;
#2036 = DIRECTION ( 'NONE',  ( 0.000000000000000000, 0.000000000000000000, -1.000000000000000000 ) ) ;
#2037 = CARTESIAN_POINT ( 'NONE',  ( 35.56768336450794976, -25.80000000000000071, -43.00000000000000000 ) ) ;
#2038 = CARTESIAN_POINT ( 'NONE',  ( 2.000000000000000000, 0.000000000000000000, -3.000000000000000000 ) ) ;
#2039 = DIRECTION ( 'NONE',  ( 0.000000000000000000, -1.000000000000000000, 0.000000000000000000 ) ) ;
#2040 = DIRECTION ( 'NONE',  ( 0.000000000000000000, 0.000000000000000000, -1.000000000000000000 ) ) ;
#2041 = DIRECTION ( 'NONE',  ( 0.000000000000000000, -1.000000000000000000, 0.000000000000000000 ) ) ;
#2042 = DIRECTION ( 'NONE',  ( 0.000000000000000000, 0.000000000000000000, -1.000000000000000000 ) ) ;
#2043 = EDGE_CURVE ( 'NONE', #1162, #600, #1597, .T. ) ;
#2044 = FACE_OUTER_BOUND ( 'NONE', #2138, .T. ) ;
#2045 = EDGE_LOOP ( 'NONE', ( #1302, #406 ) ) ;
#2046 = LINE ( 'NONE', #1885, #1461 ) ;
#2047 = CARTESIAN_POINT ( 'NONE',  ( 17.39900000000000091, -25.80000000000000071, -2.000000000000001776 ) ) ;
#2048 = ADVANCED_FACE ( 'NONE', ( #2025 ), #1282, .F. ) ;
#2049 = VECTOR ( 'NONE', #1985, 1000.000000000000000 ) ;
#2050 = DIRECTION ( 'NONE',  ( 1.000000000000000000, 0.000000000000000000, -1.224646799147353207E-16 ) ) ;
#2051 = TOROIDAL_SURFACE ( 'NONE', #1527, 4.000000000000000000, 2.000000000000000000 ) ;
#2052 = EDGE_LOOP ( 'NONE', ( #1720, #1157, #868, #2070 ) ) ;
#2053 = FACE_OUTER_BOUND ( 'NONE', #165, .T. ) ;
#2054 = AXIS2_PLACEMENT_3D ( 'NONE', #930, #1951, #778 ) ;
#2055 = EDGE_CURVE ( 'NONE', #1138, #204, #1886, .T. ) ;
#2056 = CALENDAR_DATE ( 2024, 5, 8 ) ;
#2057 = AXIS2_PLACEMENT_3D ( 'NONE', #380, #1037, #218 ) ;
#2058 = TOROIDAL_SURFACE ( 'NONE', #1148, 2.500000000000000000, 0.5000000000000000000 ) ;
#2059 = AXIS2_PLACEMENT_3D ( 'NONE', #554, #1189, #562 ) ;
#2060 = ORIENTED_EDGE ( 'NONE', *, *, #2055, .T. ) ;
#2061 = DIRECTION ( 'NONE',  ( 0.000000000000000000, -1.000000000000000000, 0.000000000000000000 ) ) ;
#2062 = AXIS2_PLACEMENT_3D ( 'NONE', #1249, #1725, #244 ) ;
#2063 = CIRCLE ( 'NONE', #809, 2.499999999999998668 ) ;
#2064 = CARTESIAN_POINT ( 'NONE',  ( 35.00000000000000000, -0.5000000000000000000, -40.00000000000000000 ) ) ;
#2065 = VERTEX_POINT ( 'NONE', #1976 ) ;
#2066 = DIRECTION ( 'NONE',  ( -0.000000000000000000, -0.000000000000000000, 1.000000000000000000 ) ) ;
#2067 = CALENDAR_DATE ( 2024, 5, 8 ) ;
#2068 = B_SPLINE_CURVE_WITH_KNOTS ( 'NONE', 3,
 ( #1910, #1285, #2130, #1131, #829, #2033, #1827, #1309, #332, #1477, #1853, #1324, #1343, #1334 ),
 .UNSPECIFIED., .F., .F.,
 ( 4, 2, 2, 2, 2, 2, 4 ),
 ( -1.871288674332498441E-05, 0.0007719466281859777620, 0.001562606143115280498, 0.001957935900579924060, 0.002353265658044568272, 0.002748595415509212051, 0.003143925172973856264 ),
 .UNSPECIFIED. ) ;
#2069 = CARTESIAN_POINT ( 'NONE',  ( 35.00000000000000000, -25.30000000000000071, -7.000000000000000000 ) ) ;
#2070 = ORIENTED_EDGE ( 'NONE', *, *, #2156, .F. ) ;
#2071 = FACE_BOUND ( 'NONE', #1160, .T. ) ;
#2072 = ORIENTED_EDGE ( 'NONE', *, *, #1129, .F. ) ;
#2073 = FACE_OUTER_BOUND ( 'NONE', #2035, .T. ) ;
#2074 = DIRECTION ( 'NONE',  ( 0.000000000000000000, 0.000000000000000000, -1.000000000000000000 ) ) ;
#2075 = EDGE_CURVE ( 'NONE', #1395, #1856, #681, .T. ) ;
#2076 = EDGE_CURVE ( 'NONE', #542, #350, #1128, .T. ) ;
#2077 = CARTESIAN_POINT ( 'NONE',  ( 35.00000000000000000, -0.5000000000000000000, -40.00000000000000000 ) ) ;
#2078 = ADVANCED_FACE ( 'NONE', ( #35 ), #1909, .T. ) ;
#2079 = CARTESIAN_POINT ( 'NONE',  ( 17.39900000000000091, 0.000000000000000000, -64.88949999999999818 ) ) ;
#2080 = EDGE_CURVE ( 'NONE', #1251, #270, #805, .T. ) ;
#2081 = ORIENTED_EDGE ( 'NONE', *, *, #91, .T. ) ;
#2082 = DIRECTION ( 'NONE',  ( 0.000000000000000000, 1.000000000000000000, 0.000000000000000000 ) ) ;
#2083 = AXIS2_PLACEMENT_3D ( 'NONE', #1109, #1922, #1468 ) ;
#2084 = TOROIDAL_SURFACE ( 'NONE', #1626, 5.000000000000000000, 2.000000000000000000 ) ;
#2085 = VECTOR ( 'NONE', #2082, 1000.000000000000000 ) ;
#2086 = ADVANCED_FACE ( 'NONE', ( #1601 ), #144, .F. ) ;
#2087 = FACE_OUTER_BOUND ( 'NONE', #1305, .T. ) ;
#2088 = AXIS2_PLACEMENT_3D ( 'NONE', #1737, #916, #101 ) ;
#2089 = ORIENTED_EDGE ( 'NONE', *, *, #1918, .F. ) ;
#2090 = CARTESIAN_POINT ( 'NONE',  ( 23.50000000000000000, -8.399999999999998579, -45.00000000000000000 ) ) ;
#2091 = AXIS2_PLACEMENT_3D ( 'NONE', #728, #543, #1716 ) ;
#2092 = ORIENTED_EDGE ( 'NONE', *, *, #1010, .F. ) ;
#2093 = FACE_BOUND ( 'NONE', #351, .T. ) ;
#2094 = CIRCLE ( 'NONE', #227, 2.499999999999999556 ) ;
#2095 = APPROVAL_PERSON_ORGANIZATION ( #779, #443, #1912 ) ;
#2096 = DIRECTION ( 'NONE',  ( -1.000000000000000000, 0.000000000000000000, -0.000000000000000000 ) ) ;
#2097 = DIRECTION ( 'NONE',  ( 0.000000000000000000, 0.000000000000000000, -1.000000000000000000 ) ) ;
#2098 = APPLICATION_CONTEXT ( 'configuration controlled 3d designs of mechanical parts and assemblies' ) ;
#2099 = ORIENTED_EDGE ( 'NONE', *, *, #1060, .T. ) ;
#2100 = VERTEX_POINT ( 'NONE', #1436 ) ;
#2101 = LINE ( 'NONE', #92, #428 ) ;
#2102 = EDGE_CURVE ( 'NONE', #1752, #1372, #2063, .T. ) ;
#2103 = ORIENTED_EDGE ( 'NONE', *, *, #1471, .F. ) ;
#2104 = CYLINDRICAL_SURFACE ( 'NONE', #1989, 1.000000000000000888 ) ;
#2105 = DIRECTION ( 'NONE',  ( 0.000000000000000000, 0.000000000000000000, -1.000000000000000000 ) ) ;
#2106 = CARTESIAN_POINT ( 'NONE',  ( 37.74921441683400047, -1.999999999999998224, -35.82365948582349802 ) ) ;
#2107 = ORIENTED_EDGE ( 'NONE', *, *, #553, .T. ) ;
#2108 = EDGE_CURVE ( 'NONE', #1082, #1075, #1678, .T. ) ;
#2109 = ADVANCED_FACE ( 'NONE', ( #295 ), #976, .T. ) ;
#2110 = CARTESIAN_POINT ( 'NONE',  ( 35.00000000000000000, -25.80000000000000071, -42.50000000000000000 ) ) ;
#2111 = ORIENTED_EDGE ( 'NONE', *, *, #1084, .T. ) ;
#2112 = CARTESIAN_POINT ( 'NONE',  ( 24.50000000000000355, -12.90000000000000036, -45.00000000000000000 ) ) ;
#2113 = ORIENTED_EDGE ( 'NONE', *, *, #469, .F. ) ;
#2114 = ORIENTED_EDGE ( 'NONE', *, *, #96, .T. ) ;
#2115 = CARTESIAN_POINT ( 'NONE',  ( 35.00000000000000000, -25.30000000000000071, -40.00000000000000000 ) ) ;
#2116 = EDGE_CURVE ( 'NONE', #742, #1429, #538, .T. ) ;
#2117 = DIRECTION ( 'NONE',  ( 0.000000000000000000, 0.000000000000000000, 1.000000000000000000 ) ) ;
#2118 = CARTESIAN_POINT ( 'NONE',  ( 5.000000000000000000, 0.000000000000000000, -3.000000000000000000 ) ) ;
#2119 = ORIENTED_EDGE ( 'NONE', *, *, #189, .F. ) ;
#2120 = CC_DESIGN_PERSON_AND_ORGANIZATION_ASSIGNMENT ( #1722, #241, ( #69 ) ) ;
#2121 = CIRCLE ( 'NONE', #631, 0.5000000000000004441 ) ;
#2122 = CARTESIAN_POINT ( 'NONE',  ( 54.65935606599799002, -1.999999999999998224, -45.00000000000000000 ) ) ;
#2123 = ORIENTED_EDGE ( 'NONE', *, *, #303, .F. ) ;
#2124 = DIRECTION ( 'NONE',  ( -0.000000000000000000, 1.000000000000000000, -0.000000000000000000 ) ) ;
#2125 = CIRCLE ( 'NONE', #1450, 0.5000000000000000000 ) ;
#2126 = ORIENTED_EDGE ( 'NONE', *, *, #1336, .F. ) ;
#2127 = ORIENTED_EDGE ( 'NONE', *, *, #412, .F. ) ;
#2128 = CARTESIAN_POINT ( 'NONE',  ( 36.44219633003910275, -23.80000000000000071, -32.80910043035879653 ) ) ;
#2129 = AXIS2_PLACEMENT_3D ( 'NONE', #1604, #271, #1571 ) ;
#2130 = CARTESIAN_POINT ( 'NONE',  ( 35.36831766646596265, -0.05278081958213027419, -43.52513614602148806 ) ) ;
#2131 = CARTESIAN_POINT ( 'NONE',  ( 24.49999999999999645, -17.39999999999999503, -45.00000000000000000 ) ) ;
#2132 = CC_DESIGN_APPROVAL ( #1794, ( #904 ) ) ;
#2133 = ORIENTED_EDGE ( 'NONE', *, *, #756, .F. ) ;
#2134 = CARTESIAN_POINT ( 'NONE',  ( 5.000000000000000000, -25.30000000000000071, -5.000000000000000000 ) ) ;
#2135 = CARTESIAN_POINT ( 'NONE',  ( 3.000000000000000000, -23.80000000000000071, -2.000000000000000000 ) ) ;
#2136 = ORIENTED_EDGE ( 'NONE', *, *, #1330, .T. ) ;
#2137 = DIRECTION ( 'NONE',  ( 0.000000000000000000, 0.000000000000000000, -1.000000000000000000 ) ) ;
#2138 = EDGE_LOOP ( 'NONE', ( #2113, #1459, #353, #731 ) ) ;
#2139 = DIRECTION ( 'NONE',  ( 0.000000000000000000, 0.000000000000000000, -1.000000000000000000 ) ) ;
#2140 = DIRECTION ( 'NONE',  ( 0.000000000000000000, 0.000000000000000000, -1.000000000000000000 ) ) ;
#2141 = ORIENTED_EDGE ( 'NONE', *, *, #1822, .T. ) ;
#2142 = DIRECTION ( 'NONE',  ( 0.000000000000000000, -1.000000000000000000, 0.000000000000000000 ) ) ;
#2143 = EDGE_CURVE ( 'NONE', #516, #155, #1567, .T. ) ;
#2144 = DIRECTION ( 'NONE',  ( 0.000000000000000000, -1.000000000000000000, 0.000000000000000000 ) ) ;
#2145 = VERTEX_POINT ( 'NONE', #893 ) ;
#2146 = CARTESIAN_POINT ( 'NONE',  ( 1.999999999999996669, -25.80000000000000071, -19.55199522476768692 ) ) ;
#2147 = ORIENTED_EDGE ( 'NONE', *, *, #1437, .T. ) ;
#2148 = ADVANCED_FACE ( 'NONE', ( #724 ), #980, .T. ) ;
#2149 = DIRECTION ( 'NONE',  ( -0.04972455058193396560, -1.082860981234971242E-15, -0.9987629694123749680 ) ) ;
#2150 = CARTESIAN_POINT ( 'NONE',  ( 35.56768336450794976, -1.999999999999998224, -45.00000000000000000 ) ) ;
#2151 = CARTESIAN_POINT ( 'NONE',  ( 5.999999999999998224, -23.80000000000000071, -43.00000000000000000 ) ) ;
#2152 = ORIENTED_EDGE ( 'NONE', *, *, #235, .T. ) ;
#2153 = CARTESIAN_POINT ( 'NONE',  ( 35.00000000000000000, -0.5000000000000000000, -40.00000000000000000 ) ) ;
#2154 = CARTESIAN_POINT ( 'NONE',  ( 24.50000000000000355, -12.90000000000000036, -10.00000000000000000 ) ) ;
#2155 = ORIENTED_EDGE ( 'NONE', *, *, #1857, .F. ) ;
#2156 = EDGE_CURVE ( 'NONE', #1000, #175, #1539, .T. ) ;
#2157 = TOROIDAL_SURFACE ( 'NONE', #1140, 1.000000000000000000, 2.000000000000000000 ) ;
#2158 = AXIS2_PLACEMENT_3D ( 'NONE', #1291, #826, #481 ) ;
ENDSEC;
END-ISO-10303-21;
